value,source,target
12.24458,"Non-venomous animal contact","Complications of medical treatment"
35.15959,"Non-venomous animal contact","Poisoning"
.1946354,"Non-venomous animal contact","Spinal cord lesion below neck level"
.6160054,"Non-venomous animal contact","Severe chest Injury"
.7120469,"Non-venomous animal contact","Fracture of face bone"
.6910663,"Non-venomous animal contact","Burns with <20% total burned surface area"
5.766255,"Non-venomous animal contact","Fracture of vertebral column"
.0540252,"Non-venomous animal contact","Non-fatal submersion"
9.383842,"Non-venomous animal contact","Fracture of hand bone"
.240248,"Non-venomous animal contact","Fracture of sternum or rib(s)"
15.70485,"Non-venomous animal contact","Contusion"
1.522733,"Non-venomous animal contact","Burns with >=20% total burned surface area or >=10% if burns include face and/or hands"
1.205277,"Non-venomous animal contact","Dislocation of hip"
4.507153,"Non-venomous animal contact","Injured nerves"
4.496945,"Non-venomous animal contact","Minor traumatic brain injury"
6.537888,"Non-venomous animal contact","Dislocation of shoulder"
.5967856,"Non-venomous animal contact","Environmental factors (e.g. temperature, pressure, electricity)"
22.87719,"Non-venomous animal contact","Internal hemorrhage in abdomen or pelvis"
.923031,"Non-venomous animal contact","Spinal cord lesion at neck level"
9.690976,"Non-venomous animal contact","Fracture of femur, other than femoral neck"
7.03506,"Non-venomous animal contact","Fracture of neck of femur"
12.74156,"Non-venomous animal contact","Injury to eyes (including foreign body eye)"
1.603785,"Non-venomous animal contact","Crush injury"
11.8887,"Non-venomous animal contact","Moderate to severe traumatic brain injury"
3.586074,"Non-venomous animal contact","Fracture of foot bone"
1.956776,"Non-venomous animal contact","Fracture of pelvis"
1307.722,"Non-venomous animal contact","Open wound"
2.919207,"Non-venomous animal contact","Fracture of skull"
1.814223,"Non-venomous animal contact","Dislocation of knee"
2.286454,"Non-venomous animal contact","Fracture of radius or ulna"
21.21282,"Non-venomous animal contact","Multiple significant injuries"
4.140916,"Non-venomous animal contact","Other injuries of muscle & tendon and other dislocations"
42.36146,"Non-venomous animal contact","Fracture of patella, tibia, fibula, or ankle"
.7975259,"Non-venomous animal contact","Fracture of clavicle, scapula, or humerus"
.0897561,"Non-venomous animal contact","Amputation of finger (excluding thumb)"
5.2649,"Venomous animal contact","Burns with >=20% total burned surface area or >=10% if burns include face and/or hands"
1.011844,"Venomous animal contact","Injured nerves"
5.148393,"Venomous animal contact","Dislocation of shoulder"
30.86718,"Venomous animal contact","Multiple significant injuries"
.2271299,"Venomous animal contact","Severe chest Injury"
1.3337,"Venomous animal contact","Environmental factors (e.g. temperature, pressure, electricity)"
.6779952,"Venomous animal contact","Fracture of vertebral column"
1.655894,"Venomous animal contact","Other injuries of muscle & tendon and other dislocations"
.0039136,"Venomous animal contact","Amputation of finger (excluding thumb)"
.1465096,"Venomous animal contact","Non-fatal submersion"
.9133257,"Venomous animal contact","Spinal cord lesion at neck level"
1.075431,"Venomous animal contact","Fracture of radius or ulna"
2.383447,"Venomous animal contact","Fracture of hand bone"
.1397345,"Venomous animal contact","Dislocation of knee"
8.895132,"Venomous animal contact","Fracture of neck of femur"
12.72545,"Venomous animal contact","Fracture of patella, tibia, fibula, or ankle"
.6263088,"Venomous animal contact","Fracture of clavicle, scapula, or humerus"
26.50423,"Venomous animal contact","Internal hemorrhage in abdomen or pelvis"
.0041438,"Venomous animal contact","Fracture of sternum or rib(s)"
.401153,"Venomous animal contact","Injury to eyes (including foreign body eye)"
1.009773,"Venomous animal contact","Contusion"
2.568225,"Venomous animal contact","Fracture of femur, other than femoral neck"
1.239315,"Venomous animal contact","Minor traumatic brain injury"
4.237916,"Venomous animal contact","Fracture of pelvis"
.33555,"Venomous animal contact","Dislocation of hip"
39.53836,"Venomous animal contact","Open wound"
.3622632,"Venomous animal contact","Crush injury"
.1898605,"Venomous animal contact","Fracture of face bone"
33.44112,"Venomous animal contact","Complications of medical treatment"
1.0593,"Venomous animal contact","Fracture of foot bone"
2.108759,"Venomous animal contact","Burns with <20% total burned surface area"
651.8325,"Venomous animal contact","Poisoning"
.5307603,"Venomous animal contact","Fracture of skull"
.7628296,"Venomous animal contact","Spinal cord lesion below neck level"
3.352314,"Venomous animal contact","Moderate to severe traumatic brain injury"
3.865534,"Drowning","Fracture of vertebral column"
69.81645,"Drowning","Complications of medical treatment"
8.760548,"Drowning","Fracture of foot bone"
.0693221,"Drowning","Fracture of sternum or rib(s)"
7.515625,"Drowning","Open wound"
6.758193,"Drowning","Injured nerves"
2.221068,"Drowning","Dislocation of hip"
2.835272,"Drowning","Burns with >=20% total burned surface area or >=10% if burns include face and/or hands"
84.71557,"Drowning","Fracture of patella, tibia, fibula, or ankle"
8.80323,"Drowning","Spinal cord lesion below neck level"
.8743629,"Drowning","Dislocation of knee"
.4794664,"Drowning","Fracture of face bone"
7.964376,"Drowning","Internal hemorrhage in abdomen or pelvis"
95.13668,"Drowning","Environmental factors (e.g. temperature, pressure, electricity)"
3.279467,"Drowning","Burns with <20% total burned surface area"
10.93758,"Drowning","Spinal cord lesion at neck level"
11.6081,"Drowning","Poisoning"
4.166952,"Drowning","Fracture of hand bone"
.0743626,"Drowning","Fracture of skull"
.4567112,"Drowning","Injury to eyes (including foreign body eye)"
1.109016,"Drowning","Crush injury"
.3080041,"Drowning","Severe chest Injury"
19.35773,"Drowning","Dislocation of shoulder"
.0329548,"Drowning","Amputation of finger (excluding thumb)"
229.5238,"Drowning","Fracture of neck of femur"
3.45354,"Drowning","Minor traumatic brain injury"
2.504143,"Drowning","Fracture of radius or ulna"
28.43065,"Drowning","Multiple significant injuries"
16.06362,"Drowning","Moderate to severe traumatic brain injury"
8.811434,"Drowning","Fracture of pelvis"
80.86604,"Drowning","Non-fatal submersion"
27.07932,"Drowning","Fracture of femur, other than femoral neck"
1.089973,"Drowning","Contusion"
4.266422,"Drowning","Fracture of clavicle, scapula, or humerus"
8.499187,"Drowning","Other injuries of muscle & tendon and other dislocations"
9.278437,"Falls","Fracture of face bone"
877.1098,"Falls","Open wound"
34.05177,"Falls","Poisoning"
19.494,"Falls","Severe chest Injury"
8.561052,"Falls","Environmental factors (e.g. temperature, pressure, electricity)"
31.38839,"Falls","Dislocation of hip"
21.21944,"Falls","Crush injury"
96.74162,"Falls","Minor traumatic brain injury"
117.2231,"Falls","Fracture of foot bone"
1090.087,"Falls","Multiple significant injuries"
1.473265,"Falls","Non-fatal submersion"
161.5359,"Falls","Fracture of hand bone"
210.9921,"Falls","Contusion"
101.0578,"Falls","Internal hemorrhage in abdomen or pelvis"
75.02915,"Falls","Injured nerves"
137.6835,"Falls","Fracture of pelvis"
416.1055,"Falls","Complications of medical treatment"
.2208266,"Falls","Amputation of finger (excluding thumb)"
137.1191,"Falls","Other injuries of muscle & tendon and other dislocations"
22.35245,"Falls","Burns with >=20% total burned surface area or >=10% if burns include face and/or hands"
586.1998,"Falls","Fracture of radius or ulna"
160.6538,"Falls","Spinal cord lesion below neck level"
515.3784,"Falls","Fracture of femur, other than femoral neck"
134.5504,"Falls","Fracture of skull"
639.3426,"Falls","Fracture of vertebral column"
9.580385,"Falls","Fracture of sternum or rib(s)"
714.3147,"Falls","Moderate to severe traumatic brain injury"
169.8541,"Falls","Dislocation of shoulder"
15.91511,"Falls","Burns with <20% total burned surface area"
12.23159,"Falls","Injury to eyes (including foreign body eye)"
2644.568,"Falls","Fracture of patella, tibia, fibula, or ankle"
1476.282,"Falls","Fracture of neck of femur"
14.15802,"Falls","Dislocation of knee"
94.15228,"Falls","Fracture of clavicle, scapula, or humerus"
147.5782,"Falls","Spinal cord lesion at neck level"
39.23775,"Fire, heat, and hot substances","Fracture of femur, other than femoral neck"
10.12209,"Fire, heat, and hot substances","Minor traumatic brain injury"
4.855249,"Fire, heat, and hot substances","Spinal cord lesion below neck level"
16.80955,"Fire, heat, and hot substances","Other injuries of muscle & tendon and other dislocations"
6.386471,"Fire, heat, and hot substances","Fracture of radius or ulna"
95.59158,"Fire, heat, and hot substances","Open wound"
7.016686,"Fire, heat, and hot substances","Spinal cord lesion at neck level"
226.8521,"Fire, heat, and hot substances","Poisoning"
17.19854,"Fire, heat, and hot substances","Fracture of pelvis"
2.864478,"Fire, heat, and hot substances","Fracture of skull"
24.34697,"Fire, heat, and hot substances","Fracture of vertebral column"
9.471901,"Fire, heat, and hot substances","Injured nerves"
102.2142,"Fire, heat, and hot substances","Multiple significant injuries"
78.87714,"Fire, heat, and hot substances","Environmental factors (e.g. temperature, pressure, electricity)"
14.02824,"Fire, heat, and hot substances","Fracture of hand bone"
1276.058,"Fire, heat, and hot substances","Burns with >=20% total burned surface area or >=10% if burns include face and/or hands"
5.709777,"Fire, heat, and hot substances","Injury to eyes (including foreign body eye)"
238.9046,"Fire, heat, and hot substances","Complications of medical treatment"
80.79794,"Fire, heat, and hot substances","Fracture of neck of femur"
3.395764,"Fire, heat, and hot substances","Fracture of clavicle, scapula, or humerus"
2.10206,"Fire, heat, and hot substances","Fracture of face bone"
.5746958,"Fire, heat, and hot substances","Non-fatal submersion"
.2066931,"Fire, heat, and hot substances","Amputation of finger (excluding thumb)"
.2216256,"Fire, heat, and hot substances","Fracture of sternum or rib(s)"
37.05293,"Fire, heat, and hot substances","Moderate to severe traumatic brain injury"
677.9778,"Fire, heat, and hot substances","Burns with <20% total burned surface area"
12.31743,"Fire, heat, and hot substances","Fracture of foot bone"
40.74508,"Fire, heat, and hot substances","Dislocation of shoulder"
13.76002,"Fire, heat, and hot substances","Contusion"
4.961631,"Fire, heat, and hot substances","Dislocation of hip"
1.576376,"Fire, heat, and hot substances","Severe chest Injury"
95.72794,"Fire, heat, and hot substances","Fracture of patella, tibia, fibula, or ankle"
5.277491,"Fire, heat, and hot substances","Crush injury"
458.8189,"Fire, heat, and hot substances","Internal hemorrhage in abdomen or pelvis"
.9217128,"Fire, heat, and hot substances","Dislocation of knee"
.2486429,"Pulmonary aspiration and foreign body in airway","Environmental factors (e.g. temperature, pressure, electricity)"
.3089142,"Pulmonary aspiration and foreign body in airway","Severe chest Injury"
1.096599,"Pulmonary aspiration and foreign body in airway","Fracture of femur, other than femoral neck"
8.083632,"Pulmonary aspiration and foreign body in airway","Complications of medical treatment"
.1455408,"Pulmonary aspiration and foreign body in airway","Injury to eyes (including foreign body eye)"
17.36508,"Pulmonary aspiration and foreign body in airway","Fracture of neck of femur"
6.980339,"Pulmonary aspiration and foreign body in airway","Poisoning"
.1922171,"Pulmonary aspiration and foreign body in airway","Injured nerves"
.0269972,"Pulmonary aspiration and foreign body in airway","Dislocation of hip"
.0606635,"Pulmonary aspiration and foreign body in airway","Fracture of skull"
.5987406,"Pulmonary aspiration and foreign body in airway","Fracture of vertebral column"
.1902606,"Pulmonary aspiration and foreign body in airway","Spinal cord lesion below neck level"
.5147791,"Pulmonary aspiration and foreign body in airway","Fracture of foot bone"
.3229324,"Pulmonary aspiration and foreign body in airway","Open wound"
.2644397,"Pulmonary aspiration and foreign body in airway","Fracture of hand bone"
3.001515,"Pulmonary aspiration and foreign body in airway","Multiple significant injuries"
2.701794,"Pulmonary aspiration and foreign body in airway","Dislocation of shoulder"
.0693291,"Pulmonary aspiration and foreign body in airway","Contusion"
.2910941,"Pulmonary aspiration and foreign body in airway","Non-fatal submersion"
.2166963,"Pulmonary aspiration and foreign body in airway","Burns with >=20% total burned surface area or >=10% if burns include face and/or hands"
.8911463,"Pulmonary aspiration and foreign body in airway","Internal hemorrhage in abdomen or pelvis"
.1319106,"Pulmonary aspiration and foreign body in airway","Dislocation of knee"
.0346696,"Pulmonary aspiration and foreign body in airway","Crush injury"
.2728072,"Pulmonary aspiration and foreign body in airway","Fracture of pelvis"
1.31915,"Pulmonary aspiration and foreign body in airway","Spinal cord lesion at neck level"
.1381907,"Pulmonary aspiration and foreign body in airway","Fracture of clavicle, scapula, or humerus"
.0373619,"Pulmonary aspiration and foreign body in airway","Fracture of face bone"
.3306561,"Pulmonary aspiration and foreign body in airway","Minor traumatic brain injury"
.5073871,"Pulmonary aspiration and foreign body in airway","Moderate to severe traumatic brain injury"
.0167321,"Pulmonary aspiration and foreign body in airway","Fracture of sternum or rib(s)"
1.539681,"Pulmonary aspiration and foreign body in airway","Other injuries of muscle & tendon and other dislocations"
.1770709,"Pulmonary aspiration and foreign body in airway","Burns with <20% total burned surface area"
.2680412,"Pulmonary aspiration and foreign body in airway","Fracture of radius or ulna"
2.942836,"Pulmonary aspiration and foreign body in airway","Fracture of patella, tibia, fibula, or ankle"
.0042067,"Foreign body in eyes","Fracture of sternum or rib(s)"
.0979717,"Foreign body in eyes","Fracture of hand bone"
.6331927,"Foreign body in eyes","Injured nerves"
3.141093,"Foreign body in eyes","Fracture of neck of femur"
.0436049,"Foreign body in eyes","Fracture of radius or ulna"
.047816,"Foreign body in eyes","Dislocation of knee"
.5479304,"Foreign body in eyes","Spinal cord lesion at neck level"
.2663992,"Foreign body in eyes","Fracture of skull"
.3250387,"Foreign body in eyes","Minor traumatic brain injury"
.265007,"Foreign body in eyes","Multiple significant injuries"
.1434402,"Foreign body in eyes","Burns with <20% total burned surface area"
8.246731,"Foreign body in eyes","Injury to eyes (including foreign body eye)"
6.085629,"Foreign body in eyes","Internal hemorrhage in abdomen or pelvis"
.7173842,"Foreign body in eyes","Moderate to severe traumatic brain injury"
4.625619,"Foreign body in eyes","Spinal cord lesion below neck level"
.091425,"Foreign body in eyes","Crush injury"
.0127174,"Foreign body in eyes","Fracture of clavicle, scapula, or humerus"
2.299714,"Foreign body in eyes","Open wound"
.68856,"Foreign body in eyes","Poisoning"
.2874575,"Foreign body in eyes","Fracture of pelvis"
.2174331,"Foreign body in eyes","Other injuries of muscle & tendon and other dislocations"
.4944877,"Foreign body in eyes","Contusion"
.0821701,"Foreign body in eyes","Environmental factors (e.g. temperature, pressure, electricity)"
38.64583,"Foreign body in eyes","Complications of medical treatment"
.0277383,"Foreign body in eyes","Fracture of face bone"
.0091332,"Foreign body in eyes","Severe chest Injury"
.2664232,"Foreign body in eyes","Fracture of vertebral column"
.016378,"Foreign body in eyes","Dislocation of hip"
.4619505,"Foreign body in eyes","Fracture of femur, other than femoral neck"
.0845931,"Foreign body in eyes","Dislocation of shoulder"
.9477597,"Foreign body in eyes","Fracture of patella, tibia, fibula, or ankle"
.3165635,"Foreign body in eyes","Fracture of foot bone"
.2435738,"Foreign body in eyes","Burns with >=20% total burned surface area or >=10% if burns include face and/or hands"
13.4373,"Foreign body in other body part","Injury to eyes (including foreign body eye)"
1.256777,"Foreign body in other body part","Fracture of patella, tibia, fibula, or ankle"
.4530829,"Foreign body in other body part","Burns with <20% total burned surface area"
16.46198,"Foreign body in other body part","Fracture of neck of femur"
.2586117,"Foreign body in other body part","Fracture of foot bone"
.1610978,"Foreign body in other body part","Dislocation of shoulder"
.0105011,"Foreign body in other body part","Non-fatal submersion"
.231316,"Foreign body in other body part","Environmental factors (e.g. temperature, pressure, electricity)"
5.085104,"Foreign body in other body part","Contusion"
.288701,"Foreign body in other body part","Spinal cord lesion at neck level"
.3425794,"Foreign body in other body part","Fracture of femur, other than femoral neck"
.7841409,"Foreign body in other body part","Spinal cord lesion below neck level"
1.773419,"Foreign body in other body part","Injured nerves"
57.94946,"Foreign body in other body part","Poisoning"
.5264035,"Foreign body in other body part","Moderate to severe traumatic brain injury"
.2170661,"Foreign body in other body part","Fracture of pelvis"
.6459602,"Foreign body in other body part","Severe chest Injury"
.0015746,"Foreign body in other body part","Fracture of sternum or rib(s)"
.7705923,"Foreign body in other body part","Fracture of skull"
.0873824,"Foreign body in other body part","Burns with >=20% total burned surface area or >=10% if burns include face and/or hands"
.0061006,"Foreign body in other body part","Dislocation of knee"
1.118943,"Foreign body in other body part","Fracture of vertebral column"
.0579665,"Foreign body in other body part","Amputation of finger (excluding thumb)"
.0387301,"Foreign body in other body part","Dislocation of hip"
1.173001,"Foreign body in other body part","Fracture of hand bone"
.0155245,"Foreign body in other body part","Crush injury"
.0476182,"Foreign body in other body part","Fracture of face bone"
.2285327,"Foreign body in other body part","Fracture of radius or ulna"
86.66727,"Foreign body in other body part","Open wound"
1.983981,"Foreign body in other body part","Multiple significant injuries"
.0150776,"Foreign body in other body part","Fracture of clavicle, scapula, or humerus"
1.486652,"Foreign body in other body part","Other injuries of muscle & tendon and other dislocations"
17.93619,"Foreign body in other body part","Complications of medical treatment"
.2541138,"Foreign body in other body part","Minor traumatic brain injury"
32.40995,"Foreign body in other body part","Internal hemorrhage in abdomen or pelvis"
.1537456,"Assault by firearm","Environmental factors (e.g. temperature, pressure, electricity)"
.4582492,"Assault by firearm","Other injuries of muscle & tendon and other dislocations"
.8618605,"Assault by firearm","Injured nerves"
.0579054,"Assault by firearm","Dislocation of hip"
12.36255,"Assault by firearm","Spinal cord lesion below neck level"
6.848508,"Assault by firearm","Internal hemorrhage in abdomen or pelvis"
9.996493,"Assault by firearm","Fracture of patella, tibia, fibula, or ankle"
.552444,"Assault by firearm","Severe chest Injury"
.2520654,"Assault by firearm","Burns with <20% total burned surface area"
20.06776,"Assault by firearm","Poisoning"
.0368149,"Assault by firearm","Dislocation of knee"
4.682954,"Assault by firearm","Spinal cord lesion at neck level"
.0020538,"Assault by firearm","Non-fatal submersion"
21.34297,"Assault by firearm","Open wound"
.2073016,"Assault by firearm","Fracture of clavicle, scapula, or humerus"
1.286542,"Assault by firearm","Fracture of hand bone"
.1385391,"Assault by firearm","Crush injury"
.1304038,"Assault by firearm","Dislocation of shoulder"
.4254057,"Assault by firearm","Injury to eyes (including foreign body eye)"
.3914408,"Assault by firearm","Fracture of radius or ulna"
.899474,"Assault by firearm","Fracture of foot bone"
3.414204,"Assault by firearm","Fracture of femur, other than femoral neck"
3.451169,"Assault by firearm","Moderate to severe traumatic brain injury"
3.263116,"Assault by firearm","Contusion"
4.112344,"Assault by firearm","Fracture of pelvis"
12.67208,"Assault by firearm","Fracture of vertebral column"
1.177674,"Assault by firearm","Minor traumatic brain injury"
.0994197,"Assault by firearm","Fracture of face bone"
2.236243,"Assault by firearm","Fracture of skull"
.0491773,"Assault by firearm","Burns with >=20% total burned surface area or >=10% if burns include face and/or hands"
.0029471,"Assault by firearm","Fracture of sternum or rib(s)"
4.793213,"Assault by firearm","Multiple significant injuries"
3.357846,"Assault by firearm","Fracture of neck of femur"
3.187623,"Assault by firearm","Complications of medical treatment"
.0511573,"Assault by firearm","Amputation of finger (excluding thumb)"
3.205511,"Assault by sharp object","Moderate to severe traumatic brain injury"
3.454345,"Assault by sharp object","Other injuries of muscle & tendon and other dislocations"
1.183815,"Assault by sharp object","Injury to eyes (including foreign body eye)"
.1866835,"Assault by sharp object","Amputation of finger (excluding thumb)"
.0647322,"Assault by sharp object","Dislocation of knee"
2.683071,"Assault by sharp object","Fracture of skull"
1.054829,"Assault by sharp object","Severe chest Injury"
12.90079,"Assault by sharp object","Internal hemorrhage in abdomen or pelvis"
1.798767,"Assault by sharp object","Fracture of femur, other than femoral neck"
16.78735,"Assault by sharp object","Multiple significant injuries"
1.660577,"Assault by sharp object","Fracture of vertebral column"
1.066764,"Assault by sharp object","Dislocation of shoulder"
.0915194,"Assault by sharp object","Fracture of face bone"
3.241613,"Assault by sharp object","Contusion"
.4113411,"Assault by sharp object","Crush injury"
5.064125,"Assault by sharp object","Fracture of neck of femur"
.4185577,"Assault by sharp object","Fracture of radius or ulna"
.1726711,"Assault by sharp object","Dislocation of hip"
3.142879,"Assault by sharp object","Spinal cord lesion at neck level"
3.090694,"Assault by sharp object","Poisoning"
.708093,"Assault by sharp object","Burns with <20% total burned surface area"
1.777263,"Assault by sharp object","Fracture of hand bone"
3.698238,"Assault by sharp object","Fracture of patella, tibia, fibula, or ankle"
4.273436,"Assault by sharp object","Spinal cord lesion below neck level"
1.1491,"Assault by sharp object","Minor traumatic brain injury"
.2434439,"Assault by sharp object","Fracture of clavicle, scapula, or humerus"
12.47789,"Assault by sharp object","Complications of medical treatment"
.3414072,"Assault by sharp object","Environmental factors (e.g. temperature, pressure, electricity)"
3.420955,"Assault by sharp object","Injured nerves"
.8912708,"Assault by sharp object","Fracture of foot bone"
55.48737,"Assault by sharp object","Open wound"
.7300689,"Assault by sharp object","Fracture of pelvis"
.0434948,"Assault by sharp object","Non-fatal submersion"
.0260587,"Assault by sharp object","Fracture of sternum or rib(s)"
.4669205,"Assault by sharp object","Burns with >=20% total burned surface area or >=10% if burns include face and/or hands"
30.72844,"Assault by other means","Contusion"
12.31137,"Assault by other means","Spinal cord lesion below neck level"
.6672711,"Assault by other means","Severe chest Injury"
1.199999,"Assault by other means","Fracture of clavicle, scapula, or humerus"
45.00628,"Assault by other means","Fracture of neck of femur"
.1014185,"Assault by other means","Non-fatal submersion"
14.84024,"Assault by other means","Fracture of hand bone"
.6887287,"Assault by other means","Crush injury"
27.21501,"Assault by other means","Complications of medical treatment"
93.8826,"Assault by other means","Multiple significant injuries"
4.200588,"Assault by other means","Other injuries of muscle & tendon and other dislocations"
14.76352,"Assault by other means","Fracture of femur, other than femoral neck"
10.98562,"Assault by other means","Burns with >=20% total burned surface area or >=10% if burns include face and/or hands"
109.8804,"Assault by other means","Open wound"
8.35366,"Assault by other means","Burns with <20% total burned surface area"
2.78653,"Assault by other means","Injured nerves"
1.445347,"Assault by other means","Fracture of sternum or rib(s)"
5.592673,"Assault by other means","Fracture of pelvis"
4.846588,"Assault by other means","Fracture of radius or ulna"
.156256,"Assault by other means","Dislocation of knee"
.0386501,"Assault by other means","Amputation of finger (excluding thumb)"
7.748551,"Assault by other means","Spinal cord lesion at neck level"
2.667393,"Assault by other means","Dislocation of shoulder"
.5927119,"Assault by other means","Dislocation of hip"
2.51379,"Assault by other means","Environmental factors (e.g. temperature, pressure, electricity)"
30.68632,"Assault by other means","Fracture of patella, tibia, fibula, or ankle"
62.29267,"Assault by other means","Poisoning"
2.126299,"Assault by other means","Injury to eyes (including foreign body eye)"
1.956081,"Assault by other means","Fracture of foot bone"
13.58737,"Assault by other means","Internal hemorrhage in abdomen or pelvis"
27.63507,"Assault by other means","Moderate to severe traumatic brain injury"
1.567462,"Assault by other means","Fracture of face bone"
17.63389,"Assault by other means","Minor traumatic brain injury"
24.27262,"Assault by other means","Fracture of vertebral column"
8.671644,"Assault by other means","Fracture of skull"
1.680529,"Unintentional firearm injuries","Fracture of radius or ulna"
.3448901,"Unintentional firearm injuries","Fracture of clavicle, scapula, or humerus"
3.896878,"Unintentional firearm injuries","Dislocation of shoulder"
.1067638,"Unintentional firearm injuries","Dislocation of knee"
.1637949,"Unintentional firearm injuries","Fracture of face bone"
.4163106,"Unintentional firearm injuries","Minor traumatic brain injury"
1.550902,"Unintentional firearm injuries","Fracture of skull"
.7907352,"Unintentional firearm injuries","Burns with <20% total burned surface area"
4.44854,"Unintentional firearm injuries","Multiple significant injuries"
6.296356,"Unintentional firearm injuries","Spinal cord lesion below neck level"
1.653967,"Unintentional firearm injuries","Fracture of foot bone"
.1613997,"Unintentional firearm injuries","Crush injury"
2.055003,"Unintentional firearm injuries","Injury to eyes (including foreign body eye)"
3.256489,"Unintentional firearm injuries","Fracture of pelvis"
5.734337,"Unintentional firearm injuries","Fracture of femur, other than femoral neck"
.0031502,"Unintentional firearm injuries","Non-fatal submersion"
.4099672,"Unintentional firearm injuries","Burns with >=20% total burned surface area or >=10% if burns include face and/or hands"
4.326047,"Unintentional firearm injuries","Poisoning"
26.1866,"Unintentional firearm injuries","Complications of medical treatment"
3.572147,"Unintentional firearm injuries","Moderate to severe traumatic brain injury"
.1027155,"Unintentional firearm injuries","Fracture of sternum or rib(s)"
5.804724,"Unintentional firearm injuries","Fracture of vertebral column"
45.69038,"Unintentional firearm injuries","Open wound"
2.303045,"Unintentional firearm injuries","Contusion"
1.073884,"Unintentional firearm injuries","Amputation of finger (excluding thumb)"
19.02657,"Unintentional firearm injuries","Fracture of neck of femur"
19.54006,"Unintentional firearm injuries","Fracture of patella, tibia, fibula, or ankle"
2.434086,"Unintentional firearm injuries","Injured nerves"
.1091393,"Unintentional firearm injuries","Environmental factors (e.g. temperature, pressure, electricity)"
.1360503,"Unintentional firearm injuries","Dislocation of hip"
1.246285,"Unintentional firearm injuries","Other injuries of muscle & tendon and other dislocations"
.5065893,"Unintentional firearm injuries","Severe chest Injury"
10.38031,"Unintentional firearm injuries","Internal hemorrhage in abdomen or pelvis"
18.68788,"Unintentional firearm injuries","Fracture of hand bone"
6.821371,"Unintentional firearm injuries","Spinal cord lesion at neck level"
187.0784,"Other exposure to mechanical forces","Fracture of vertebral column"
42.34009,"Other exposure to mechanical forces","Fracture of pelvis"
91.29567,"Other exposure to mechanical forces","Multiple significant injuries"
2.236999,"Other exposure to mechanical forces","Fracture of sternum or rib(s)"
3.383947,"Other exposure to mechanical forces","Fracture of face bone"
1.299442,"Other exposure to mechanical forces","Environmental factors (e.g. temperature, pressure, electricity)"
122.2456,"Other exposure to mechanical forces","Complications of medical treatment"
47.90187,"Other exposure to mechanical forces","Moderate to severe traumatic brain injury"
3.758873,"Other exposure to mechanical forces","Severe chest Injury"
171.8354,"Other exposure to mechanical forces","Fracture of neck of femur"
2189.03,"Other exposure to mechanical forces","Open wound"
4.777998,"Other exposure to mechanical forces","Fracture of clavicle, scapula, or humerus"
.0171292,"Other exposure to mechanical forces","Non-fatal submersion"
38.04486,"Other exposure to mechanical forces","Injured nerves"
25.80093,"Other exposure to mechanical forces","Dislocation of shoulder"
2.219376,"Other exposure to mechanical forces","Dislocation of knee"
55.90165,"Other exposure to mechanical forces","Injury to eyes (including foreign body eye)"
37.83139,"Other exposure to mechanical forces","Fracture of foot bone"
28.50361,"Other exposure to mechanical forces","Amputation of finger (excluding thumb)"
12.79081,"Other exposure to mechanical forces","Spinal cord lesion at neck level"
15.34556,"Other exposure to mechanical forces","Crush injury"
146.4875,"Other exposure to mechanical forces","Internal hemorrhage in abdomen or pelvis"
370.0336,"Other exposure to mechanical forces","Fracture of patella, tibia, fibula, or ankle"
19.48926,"Other exposure to mechanical forces","Poisoning"
41.22211,"Other exposure to mechanical forces","Minor traumatic brain injury"
38.30849,"Other exposure to mechanical forces","Fracture of radius or ulna"
13.61641,"Other exposure to mechanical forces","Burns with <20% total burned surface area"
15.96847,"Other exposure to mechanical forces","Burns with >=20% total burned surface area or >=10% if burns include face and/or hands"
78.39281,"Other exposure to mechanical forces","Fracture of femur, other than femoral neck"
3.513479,"Other exposure to mechanical forces","Dislocation of hip"
4.297406,"Other exposure to mechanical forces","Spinal cord lesion below neck level"
682.5757,"Other exposure to mechanical forces","Fracture of hand bone"
47.40084,"Other exposure to mechanical forces","Other injuries of muscle & tendon and other dislocations"
497.4629,"Other exposure to mechanical forces","Contusion"
24.6593,"Other exposure to mechanical forces","Fracture of skull"
1.219911,"Unintentional suffocation","Contusion"
10.99906,"Unintentional suffocation","Fracture of neck of femur"
1.862308,"Unintentional suffocation","Fracture of radius or ulna"
.0895258,"Unintentional suffocation","Non-fatal submersion"
.0001827,"Unintentional suffocation","Dislocation of knee"
.0838824,"Unintentional suffocation","Other injuries of muscle & tendon and other dislocations"
.7250041,"Unintentional suffocation","Internal hemorrhage in abdomen or pelvis"
.6254508,"Unintentional suffocation","Amputation of finger (excluding thumb)"
.9579777,"Unintentional suffocation","Dislocation of shoulder"
5.379067,"Unintentional suffocation","Poisoning"
.1058342,"Unintentional suffocation","Crush injury"
.4246472,"Unintentional suffocation","Dislocation of hip"
32.59469,"Unintentional suffocation","Spinal cord lesion below neck level"
1.355275,"Unintentional suffocation","Moderate to severe traumatic brain injury"
4.349069,"Unintentional suffocation","Spinal cord lesion at neck level"
.295213,"Unintentional suffocation","Environmental factors (e.g. temperature, pressure, electricity)"
.6857169,"Unintentional suffocation","Fracture of femur, other than femoral neck"
.000102,"Unintentional suffocation","Burns with >=20% total burned surface area or >=10% if burns include face and/or hands"
.3017566,"Unintentional suffocation","Severe chest Injury"
.01031,"Unintentional suffocation","Fracture of face bone"
.0562177,"Unintentional suffocation","Fracture of sternum or rib(s)"
10.58044,"Unintentional suffocation","Fracture of patella, tibia, fibula, or ankle"
.1702811,"Unintentional suffocation","Injured nerves"
.0988924,"Unintentional suffocation","Fracture of foot bone"
1.259155,"Unintentional suffocation","Fracture of skull"
.0211869,"Unintentional suffocation","Fracture of clavicle, scapula, or humerus"
.0001129,"Unintentional suffocation","Multiple significant injuries"
.5620221,"Unintentional suffocation","Fracture of pelvis"
.1088742,"Unintentional suffocation","Burns with <20% total burned surface area"
5.576426,"Unintentional suffocation","Fracture of vertebral column"
40.69099,"Unintentional suffocation","Open wound"
.221275,"Unintentional suffocation","Minor traumatic brain injury"
11.45917,"Unintentional suffocation","Fracture of hand bone"
2.214573,"Unintentional suffocation","Complications of medical treatment"
7326.592,"Adverse effects of medical treatment","Complications of medical treatment"
10.52461,"Other unintentional injuries","Injured nerves"
2.443799,"Other unintentional injuries","Crush injury"
7.7121,"Other unintentional injuries","Environmental factors (e.g. temperature, pressure, electricity)"
16.18039,"Other unintentional injuries","Burns with <20% total burned surface area"
51.04281,"Other unintentional injuries","Fracture of pelvis"
33.21955,"Other unintentional injuries","Fracture of femur, other than femoral neck"
77.87749,"Other unintentional injuries","Fracture of hand bone"
.7856658,"Other unintentional injuries","Fracture of face bone"
20.31237,"Other unintentional injuries","Dislocation of hip"
190.5838,"Other unintentional injuries","Fracture of neck of femur"
578.7889,"Other unintentional injuries","Fracture of vertebral column"
1.637907,"Other unintentional injuries","Fracture of clavicle, scapula, or humerus"
2.360133,"Other unintentional injuries","Injury to eyes (including foreign body eye)"
11.01187,"Other unintentional injuries","Severe chest Injury"
71.61675,"Other unintentional injuries","Internal hemorrhage in abdomen or pelvis"
5.112958,"Other unintentional injuries","Fracture of sternum or rib(s)"
1.548912,"Other unintentional injuries","Amputation of finger (excluding thumb)"
10.84914,"Other unintentional injuries","Burns with >=20% total burned surface area or >=10% if burns include face and/or hands"
20.94235,"Other unintentional injuries","Moderate to severe traumatic brain injury"
23.06293,"Other unintentional injuries","Fracture of foot bone"
13.75087,"Other unintentional injuries","Other injuries of muscle & tendon and other dislocations"
9.496526,"Other unintentional injuries","Fracture of skull"
30.18734,"Other unintentional injuries","Multiple significant injuries"
56.50861,"Other unintentional injuries","Complications of medical treatment"
499.6396,"Other unintentional injuries","Fracture of patella, tibia, fibula, or ankle"
72.8206,"Other unintentional injuries","Contusion"
.2091136,"Other unintentional injuries","Non-fatal submersion"
11.86814,"Other unintentional injuries","Dislocation of shoulder"
269.6454,"Other unintentional injuries","Poisoning"
12.02808,"Other unintentional injuries","Spinal cord lesion at neck level"
11.62555,"Other unintentional injuries","Minor traumatic brain injury"
3.229709,"Other unintentional injuries","Dislocation of knee"
38.09556,"Other unintentional injuries","Fracture of radius or ulna"
7.15426,"Other unintentional injuries","Spinal cord lesion below neck level"
155.7072,"Other unintentional injuries","Open wound"
.2549783,"Poisonings","Fracture of foot bone"
.6058882,"Poisonings","Open wound"
.0515814,"Poisonings","Severe chest Injury"
.0234609,"Poisonings","Fracture of face bone"
.289689,"Poisonings","Spinal cord lesion below neck level"
.2133357,"Poisonings","Contusion"
.1023808,"Poisonings","Fracture of clavicle, scapula, or humerus"
.3909307,"Poisonings","Spinal cord lesion at neck level"
.4166444,"Poisonings","Fracture of pelvis"
.0864359,"Poisonings","Fracture of skull"
.0305903,"Poisonings","Dislocation of hip"
.0976334,"Poisonings","Injured nerves"
.0168541,"Poisonings","Non-fatal submersion"
.4767216,"Poisonings","Burns with >=20% total burned surface area or >=10% if burns include face and/or hands"
2.764215,"Poisonings","Fracture of neck of femur"
4.115948,"Poisonings","Fracture of patella, tibia, fibula, or ankle"
.365501,"Poisonings","Other injuries of muscle & tendon and other dislocations"
.0663358,"Poisonings","Dislocation of knee"
522.818,"Poisonings","Poisoning"
.4826304,"Poisonings","Fracture of femur, other than femoral neck"
.0135656,"Poisonings","Crush injury"
1.786495,"Poisonings","Multiple significant injuries"
1.360762,"Poisonings","Burns with <20% total burned surface area"
.042164,"Poisonings","Injury to eyes (including foreign body eye)"
.1739331,"Poisonings","Fracture of radius or ulna"
2.364185,"Poisonings","Internal hemorrhage in abdomen or pelvis"
.8199531,"Poisonings","Environmental factors (e.g. temperature, pressure, electricity)"
2.78549,"Poisonings","Dislocation of shoulder"
.4371405,"Poisonings","Fracture of vertebral column"
.1061125,"Poisonings","Fracture of hand bone"
.0131976,"Poisonings","Fracture of sternum or rib(s)"
5.734892,"Poisonings","Complications of medical treatment"
.6069109,"Poisonings","Moderate to severe traumatic brain injury"
.3295535,"Poisonings","Minor traumatic brain injury"
.0876697,"Self-harm","Fracture of clavicle, scapula, or humerus"
1.801363,"Self-harm","Spinal cord lesion below neck level"
.369505,"Self-harm","Minor traumatic brain injury"
1.445356,"Self-harm","Injured nerves"
1.337269,"Self-harm","Fracture of vertebral column"
1.450091,"Self-harm","Spinal cord lesion at neck level"
1.439351,"Self-harm","Burns with <20% total burned surface area"
.1142908,"Self-harm","Severe chest Injury"
1.444937,"Self-harm","Other injuries of muscle & tendon and other dislocations"
6.423296,"Self-harm","Multiple significant injuries"
.5891014,"Self-harm","Dislocation of shoulder"
1.242585,"Self-harm","Fracture of femur, other than femoral neck"
.5194635,"Self-harm","Fracture of hand bone"
1.337435,"Self-harm","Moderate to severe traumatic brain injury"
.0206338,"Self-harm","Dislocation of knee"
2.645643,"Self-harm","Fracture of neck of femur"
.076985,"Self-harm","Dislocation of hip"
.1922906,"Self-harm","Fracture of radius or ulna"
.6225357,"Self-harm","Fracture of foot bone"
11.47666,"Self-harm","Complications of medical treatment"
.0926651,"Self-harm","Non-fatal submersion"
.6338972,"Self-harm","Contusion"
.1921127,"Self-harm","Crush injury"
.1360267,"Self-harm","Fracture of skull"
8.942512,"Self-harm","Open wound"
3.329139,"Self-harm","Burns with >=20% total burned surface area or >=10% if burns include face and/or hands"
.0069274,"Self-harm","Fracture of sternum or rib(s)"
141.2179,"Self-harm","Poisoning"
.0445697,"Self-harm","Fracture of face bone"
.1573654,"Self-harm","Injury to eyes (including foreign body eye)"
1.167656,"Self-harm","Environmental factors (e.g. temperature, pressure, electricity)"
4.34151,"Self-harm","Fracture of patella, tibia, fibula, or ankle"
1.644053,"Self-harm","Internal hemorrhage in abdomen or pelvis"
.6784344,"Self-harm","Fracture of pelvis"
.0197587,"Self-harm","Amputation of finger (excluding thumb)"
60.62248,"Other transport injuries","Moderate to severe traumatic brain injury"
9.805452,"Other transport injuries","Crush injury"
128.6299,"Other transport injuries","Fracture of pelvis"
15.84119,"Other transport injuries","Fracture of foot bone"
61.83447,"Other transport injuries","Poisoning"
63.52696,"Other transport injuries","Fracture of femur, other than femoral neck"
.7858444,"Other transport injuries","Injury to eyes (including foreign body eye)"
22.85645,"Other transport injuries","Minor traumatic brain injury"
1.022048,"Other transport injuries","Amputation of finger (excluding thumb)"
638.0258,"Other transport injuries","Fracture of patella, tibia, fibula, or ankle"
5.910724,"Other transport injuries","Injured nerves"
70.61927,"Other transport injuries","Fracture of hand bone"
3.592298,"Other transport injuries","Severe chest Injury"
11.45727,"Other transport injuries","Other injuries of muscle & tendon and other dislocations"
33.43475,"Other transport injuries","Internal hemorrhage in abdomen or pelvis"
139.2094,"Other transport injuries","Fracture of vertebral column"
59.08298,"Other transport injuries","Contusion"
.5810453,"Other transport injuries","Non-fatal submersion"
149.6062,"Other transport injuries","Complications of medical treatment"
13.02664,"Other transport injuries","Burns with <20% total burned surface area"
45.15151,"Other transport injuries","Fracture of skull"
5.691712,"Other transport injuries","Dislocation of hip"
71.7304,"Other transport injuries","Open wound"
147.7015,"Other transport injuries","Fracture of neck of femur"
3.762694,"Other transport injuries","Fracture of face bone"
140.2435,"Other transport injuries","Multiple significant injuries"
7.27743,"Other transport injuries","Spinal cord lesion at neck level"
1.475152,"Other transport injuries","Environmental factors (e.g. temperature, pressure, electricity)"
5.136313,"Other transport injuries","Fracture of clavicle, scapula, or humerus"
60.32061,"Other transport injuries","Fracture of sternum or rib(s)"
20.37106,"Other transport injuries","Dislocation of shoulder"
46.26949,"Other transport injuries","Spinal cord lesion below neck level"
2.602985,"Other transport injuries","Burns with >=20% total burned surface area or >=10% if burns include face and/or hands"
7.006875,"Other transport injuries","Dislocation of knee"
62.22714,"Other transport injuries","Fracture of radius or ulna"
.0152409,"Motorcyclist road injuries","Non-fatal submersion"
17.90831,"Motorcyclist road injuries","Fracture of radius or ulna"
13.32015,"Motorcyclist road injuries","Fracture of hand bone"
18.22458,"Motorcyclist road injuries","Fracture of foot bone"
1.967935,"Motorcyclist road injuries","Fracture of face bone"
24.2611,"Motorcyclist road injuries","Internal hemorrhage in abdomen or pelvis"
.017735,"Motorcyclist road injuries","Amputation of finger (excluding thumb)"
14.71001,"Motorcyclist road injuries","Spinal cord lesion at neck level"
1.024525,"Motorcyclist road injuries","Poisoning"
.6833323,"Motorcyclist road injuries","Environmental factors (e.g. temperature, pressure, electricity)"
.8629922,"Motorcyclist road injuries","Dislocation of knee"
.8151734,"Motorcyclist road injuries","Injury to eyes (including foreign body eye)"
.6613951,"Motorcyclist road injuries","Fracture of sternum or rib(s)"
15.20555,"Motorcyclist road injuries","Other injuries of muscle & tendon and other dislocations"
24.61493,"Motorcyclist road injuries","Fracture of vertebral column"
244.2133,"Motorcyclist road injuries","Fracture of patella, tibia, fibula, or ankle"
13.35366,"Motorcyclist road injuries","Contusion"
12.52913,"Motorcyclist road injuries","Minor traumatic brain injury"
73.67461,"Motorcyclist road injuries","Moderate to severe traumatic brain injury"
343.0279,"Motorcyclist road injuries","Multiple significant injuries"
14.09202,"Motorcyclist road injuries","Dislocation of shoulder"
30.85192,"Motorcyclist road injuries","Fracture of pelvis"
75.39944,"Motorcyclist road injuries","Fracture of femur, other than femoral neck"
22.31792,"Motorcyclist road injuries","Complications of medical treatment"
69.56191,"Motorcyclist road injuries","Open wound"
14.47122,"Motorcyclist road injuries","Fracture of skull"
4.810668,"Motorcyclist road injuries","Burns with <20% total burned surface area"
75.19394,"Motorcyclist road injuries","Fracture of neck of femur"
4.725719,"Motorcyclist road injuries","Injured nerves"
4.69822,"Motorcyclist road injuries","Fracture of clavicle, scapula, or humerus"
2.305196,"Motorcyclist road injuries","Crush injury"
13.29327,"Motorcyclist road injuries","Spinal cord lesion below neck level"
7.519674,"Motorcyclist road injuries","Burns with >=20% total burned surface area or >=10% if burns include face and/or hands"
1.021364,"Motorcyclist road injuries","Severe chest Injury"
3.88949,"Motorcyclist road injuries","Dislocation of hip"
39.96864,"Motor vehicle road injuries","Fracture of radius or ulna"
25.12118,"Motor vehicle road injuries","Fracture of hand bone"
.0777796,"Motor vehicle road injuries","Non-fatal submersion"
35.07403,"Motor vehicle road injuries","Fracture of skull"
9.940371,"Motor vehicle road injuries","Fracture of clavicle, scapula, or humerus"
20.29848,"Motor vehicle road injuries","Fracture of foot bone"
186.8188,"Motor vehicle road injuries","Moderate to severe traumatic brain injury"
16.01945,"Motor vehicle road injuries","Dislocation of shoulder"
.2646824,"Motor vehicle road injuries","Amputation of finger (excluding thumb)"
158.2458,"Motor vehicle road injuries","Fracture of vertebral column"
21.42283,"Motor vehicle road injuries","Complications of medical treatment"
1.532722,"Motor vehicle road injuries","Environmental factors (e.g. temperature, pressure, electricity)"
4.252948,"Motor vehicle road injuries","Crush injury"
3.510933,"Motor vehicle road injuries","Poisoning"
58.27438,"Motor vehicle road injuries","Internal hemorrhage in abdomen or pelvis"
951.5176,"Motor vehicle road injuries","Multiple significant injuries"
104.2997,"Motor vehicle road injuries","Spinal cord lesion at neck level"
3.260396,"Motor vehicle road injuries","Burns with >=20% total burned surface area or >=10% if burns include face and/or hands"
137.0827,"Motor vehicle road injuries","Fracture of pelvis"
9.712346,"Motor vehicle road injuries","Fracture of sternum or rib(s)"
103.2013,"Motor vehicle road injuries","Contusion"
3.529345,"Motor vehicle road injuries","Fracture of face bone"
182.1096,"Motor vehicle road injuries","Fracture of femur, other than femoral neck"
52.07705,"Motor vehicle road injuries","Minor traumatic brain injury"
26.49416,"Motor vehicle road injuries","Other injuries of muscle & tendon and other dislocations"
.6876563,"Motor vehicle road injuries","Dislocation of knee"
66.79241,"Motor vehicle road injuries","Spinal cord lesion below neck level"
631.8031,"Motor vehicle road injuries","Fracture of patella, tibia, fibula, or ankle"
11.534,"Motor vehicle road injuries","Injured nerves"
376.8164,"Motor vehicle road injuries","Fracture of neck of femur"
3.327523,"Motor vehicle road injuries","Injury to eyes (including foreign body eye)"
195.9887,"Motor vehicle road injuries","Open wound"
15.18037,"Motor vehicle road injuries","Dislocation of hip"
2.77554,"Motor vehicle road injuries","Burns with <20% total burned surface area"
11.00218,"Motor vehicle road injuries","Severe chest Injury"
1.244761,"Other road injuries","Internal hemorrhage in abdomen or pelvis"
18.49224,"Other road injuries","Fracture of patella, tibia, fibula, or ankle"
.1570289,"Other road injuries","Severe chest Injury"
.0130249,"Other road injuries","Non-fatal submersion"
.9520022,"Other road injuries","Fracture of hand bone"
1.658067,"Other road injuries","Spinal cord lesion below neck level"
1.383924,"Other road injuries","Dislocation of shoulder"
.1677925,"Other road injuries","Dislocation of hip"
.0753321,"Other road injuries","Injury to eyes (including foreign body eye)"
.4262908,"Other road injuries","Fracture of skull"
.8932807,"Other road injuries","Other injuries of muscle & tendon and other dislocations"
1.238778,"Other road injuries","Contusion"
.0328539,"Other road injuries","Dislocation of knee"
.0923489,"Other road injuries","Fracture of face bone"
3.051581,"Other road injuries","Fracture of femur, other than femoral neck"
8.163143,"Other road injuries","Moderate to severe traumatic brain injury"
.1111706,"Other road injuries","Crush injury"
31.34818,"Other road injuries","Fracture of neck of femur"
.1582038,"Other road injuries","Fracture of sternum or rib(s)"
1.158842,"Other road injuries","Fracture of clavicle, scapula, or humerus"
.1417991,"Other road injuries","Injured nerves"
3.611833,"Other road injuries","Spinal cord lesion at neck level"
.0536009,"Other road injuries","Burns with <20% total burned surface area"
3.346285,"Other road injuries","Complications of medical treatment"
1.77643,"Other road injuries","Open wound"
1.566273,"Other road injuries","Minor traumatic brain injury"
2.510549,"Other road injuries","Fracture of pelvis"
.1031177,"Other road injuries","Poisoning"
.2667706,"Other road injuries","Burns with >=20% total burned surface area or >=10% if burns include face and/or hands"
.7006493,"Other road injuries","Fracture of foot bone"
3.404498,"Other road injuries","Fracture of vertebral column"
2.931722,"Other road injuries","Fracture of radius or ulna"
.0180847,"Other road injuries","Environmental factors (e.g. temperature, pressure, electricity)"
9.814538,"Other road injuries","Multiple significant injuries"
.2956145,"Cyclist road injuries","Dislocation of knee"
.5366377,"Cyclist road injuries","Poisoning"
16.64444,"Cyclist road injuries","Fracture of hand bone"
1.475067,"Cyclist road injuries","Crush injury"
85.08282,"Cyclist road injuries","Fracture of neck of femur"
19.20014,"Cyclist road injuries","Fracture of femur, other than femoral neck"
6.96946,"Cyclist road injuries","Burns with >=20% total burned surface area or >=10% if burns include face and/or hands"
38.28567,"Cyclist road injuries","Fracture of radius or ulna"
17.17061,"Cyclist road injuries","Contusion"
.1429309,"Cyclist road injuries","Environmental factors (e.g. temperature, pressure, electricity)"
6.268739,"Cyclist road injuries","Spinal cord lesion below neck level"
149.7813,"Cyclist road injuries","Open wound"
1.89437,"Cyclist road injuries","Injured nerves"
17.44031,"Cyclist road injuries","Fracture of pelvis"
233.2027,"Cyclist road injuries","Fracture of patella, tibia, fibula, or ankle"
1.286079,"Cyclist road injuries","Fracture of face bone"
9.941655,"Cyclist road injuries","Spinal cord lesion at neck level"
1.112835,"Cyclist road injuries","Dislocation of hip"
8.112489,"Cyclist road injuries","Complications of medical treatment"
1.666146,"Cyclist road injuries","Fracture of sternum or rib(s)"
8.438596,"Cyclist road injuries","Dislocation of shoulder"
5.30768,"Cyclist road injuries","Fracture of clavicle, scapula, or humerus"
.3644387,"Cyclist road injuries","Burns with <20% total burned surface area"
5.936595,"Cyclist road injuries","Other injuries of muscle & tendon and other dislocations"
96.89835,"Cyclist road injuries","Multiple significant injuries"
.6260544,"Cyclist road injuries","Injury to eyes (including foreign body eye)"
.0252035,"Cyclist road injuries","Amputation of finger (excluding thumb)"
9.285714,"Cyclist road injuries","Fracture of skull"
4.847842,"Cyclist road injuries","Fracture of foot bone"
56.03128,"Cyclist road injuries","Moderate to severe traumatic brain injury"
.0346861,"Cyclist road injuries","Non-fatal submersion"
.9136122,"Cyclist road injuries","Severe chest Injury"
7.50063,"Cyclist road injuries","Internal hemorrhage in abdomen or pelvis"
71.74282,"Cyclist road injuries","Fracture of vertebral column"
19.076,"Cyclist road injuries","Minor traumatic brain injury"
412.601,"Pedestrian road injuries by road vehicle","Fracture of patella, tibia, fibula, or ankle"
151.0895,"Pedestrian road injuries by road vehicle","Fracture of femur, other than femoral neck"
34.09721,"Pedestrian road injuries by road vehicle","Contusion"
2.688352,"Pedestrian road injuries by road vehicle","Environmental factors (e.g. temperature, pressure, electricity)"
114.5392,"Pedestrian road injuries by road vehicle","Fracture of pelvis"
19.77853,"Pedestrian road injuries by road vehicle","Fracture of radius or ulna"
5.668986,"Pedestrian road injuries by road vehicle","Crush injury"
149.4692,"Pedestrian road injuries by road vehicle","Moderate to severe traumatic brain injury"
132.1286,"Pedestrian road injuries by road vehicle","Complications of medical treatment"
8.950422,"Pedestrian road injuries by road vehicle","Fracture of clavicle, scapula, or humerus"
18.65183,"Pedestrian road injuries by road vehicle","Spinal cord lesion below neck level"
220.478,"Pedestrian road injuries by road vehicle","Fracture of neck of femur"
92.35929,"Pedestrian road injuries by road vehicle","Open wound"
.0362318,"Pedestrian road injuries by road vehicle","Amputation of finger (excluding thumb)"
1.009219,"Pedestrian road injuries by road vehicle","Fracture of sternum or rib(s)"
23.94793,"Pedestrian road injuries by road vehicle","Other injuries of muscle & tendon and other dislocations"
7.518891,"Pedestrian road injuries by road vehicle","Burns with >=20% total burned surface area or >=10% if burns include face and/or hands"
2.545898,"Pedestrian road injuries by road vehicle","Fracture of face bone"
815.1343,"Pedestrian road injuries by road vehicle","Multiple significant injuries"
6.933449,"Pedestrian road injuries by road vehicle","Poisoning"
1.27381,"Pedestrian road injuries by road vehicle","Dislocation of knee"
69.70818,"Pedestrian road injuries by road vehicle","Internal hemorrhage in abdomen or pelvis"
5.403684,"Pedestrian road injuries by road vehicle","Burns with <20% total burned surface area"
27.60775,"Pedestrian road injuries by road vehicle","Fracture of foot bone"
13.03629,"Pedestrian road injuries by road vehicle","Dislocation of shoulder"
25.20706,"Pedestrian road injuries by road vehicle","Spinal cord lesion at neck level"
142.7229,"Pedestrian road injuries by road vehicle","Fracture of vertebral column"
12.25673,"Pedestrian road injuries by road vehicle","Fracture of hand bone"
6.331475,"Pedestrian road injuries by road vehicle","Dislocation of hip"
3.044253,"Pedestrian road injuries by road vehicle","Injury to eyes (including foreign body eye)"
31.05629,"Pedestrian road injuries by road vehicle","Minor traumatic brain injury"
53.27722,"Pedestrian road injuries by road vehicle","Fracture of skull"
13.25345,"Pedestrian road injuries by road vehicle","Injured nerves"
.1799508,"Pedestrian road injuries by road vehicle","Non-fatal submersion"
3.105577,"Pedestrian road injuries by road vehicle","Severe chest Injury"
