value,source,target,sex,year,id
6314.978,"Adverse effects of medical treatment","Complications of medical treatment","male",1995,"inj_medical1"
2.344484,"Assault by firearm","Fracture of foot bone","male",1995,"inj_homicide_gun1"
4.131811,"Assault by firearm","Poisoning","male",1995,"inj_homicide_gun2"
34.1099,"Assault by firearm","Open wound","male",1995,"inj_homicide_gun3"
.0041092,"Assault by firearm","Non-fatal submersion","male",1995,"inj_homicide_gun4"
3.488729,"Assault by firearm","Minor traumatic brain injury","male",1995,"inj_homicide_gun5"
.1646893,"Assault by firearm","Burns with >=20% total burned surface area or >=10% if burns include face and/or hands","male",1995,"inj_homicide_gun6"
13.07383,"Assault by firearm","Fracture of neck of femur","male",1995,"inj_homicide_gun7"
3.179823,"Assault by firearm","Fracture of radius or ulna","male",1995,"inj_homicide_gun8"
6.641681,"Assault by firearm","Fracture of skull","male",1995,"inj_homicide_gun9"
9.527144,"Assault by firearm","Spinal cord lesion at neck level","male",1995,"inj_homicide_gun10"
.0969818,"Assault by firearm","Amputation of finger (excluding thumb)","male",1995,"inj_homicide_gun11"
5.449758,"Assault by firearm","Contusion","male",1995,"inj_homicide_gun12"
.2537547,"Assault by firearm","Environmental factors (e.g. temperature, pressure, electricity)","male",1995,"inj_homicide_gun13"
10.62328,"Assault by firearm","Fracture of femur, other than femoral neck","male",1995,"inj_homicide_gun14"
2.339009,"Assault by firearm","Injured nerves","male",1995,"inj_homicide_gun15"
1.589768,"Assault by firearm","Severe chest Injury","male",1995,"inj_homicide_gun16"
4.448534,"Assault by firearm","Moderate to severe traumatic brain injury","male",1995,"inj_homicide_gun17"
33.6246,"Assault by firearm","Fracture of patella, tibia, fibula, or ankle","male",1995,"inj_homicide_gun18"
.7145232,"Assault by firearm","Other injuries of muscle & tendon and other dislocations","male",1995,"inj_homicide_gun19"
5.245987,"Assault by firearm","Fracture of pelvis","male",1995,"inj_homicide_gun20"
29.97146,"Assault by firearm","Spinal cord lesion below neck level","male",1995,"inj_homicide_gun21"
.5212644,"Assault by firearm","Injury to eyes (including foreign body eye)","male",1995,"inj_homicide_gun22"
22.85313,"Assault by firearm","Fracture of vertebral column","male",1995,"inj_homicide_gun23"
.3130022,"Assault by firearm","Crush injury","male",1995,"inj_homicide_gun24"
.0672961,"Assault by firearm","Dislocation of knee","male",1995,"inj_homicide_gun25"
23.47405,"Assault by firearm","Internal hemorrhage in abdomen or pelvis","male",1995,"inj_homicide_gun26"
.0435208,"Assault by firearm","Dislocation of hip","male",1995,"inj_homicide_gun27"
12.57512,"Assault by firearm","Multiple significant injuries","male",1995,"inj_homicide_gun28"
.4428359,"Assault by firearm","Fracture of clavicle, scapula, or humerus","male",1995,"inj_homicide_gun29"
2.694976,"Assault by firearm","Fracture of hand bone","male",1995,"inj_homicide_gun30"
.2389934,"Assault by firearm","Fracture of face bone","male",1995,"inj_homicide_gun31"
6.023239,"Assault by firearm","Complications of medical treatment","male",1995,"inj_homicide_gun32"
.3519442,"Assault by firearm","Burns with <20% total burned surface area","male",1995,"inj_homicide_gun33"
.1662847,"Assault by firearm","Dislocation of shoulder","male",1995,"inj_homicide_gun34"
.0092345,"Assault by firearm","Fracture of sternum or rib(s)","male",1995,"inj_homicide_gun35"
31.46905,"Assault by other means","Minor traumatic brain injury","male",1995,"inj_homicide_other1"
4.450922,"Assault by other means","Fracture of sternum or rib(s)","male",1995,"inj_homicide_other2"
42.50891,"Assault by other means","Fracture of skull","male",1995,"inj_homicide_other3"
24.59027,"Assault by other means","Internal hemorrhage in abdomen or pelvis","male",1995,"inj_homicide_other4"
8.53157,"Assault by other means","Fracture of pelvis","male",1995,"inj_homicide_other5"
38.53371,"Assault by other means","Contusion","male",1995,"inj_homicide_other6"
1.016062,"Assault by other means","Crush injury","male",1995,"inj_homicide_other7"
24.57665,"Assault by other means","Spinal cord lesion below neck level","male",1995,"inj_homicide_other8"
7.289736,"Assault by other means","Fracture of radius or ulna","male",1995,"inj_homicide_other9"
.0954671,"Assault by other means","Amputation of finger (excluding thumb)","male",1995,"inj_homicide_other10"
26.82561,"Assault by other means","Complications of medical treatment","male",1995,"inj_homicide_other11"
5.505967,"Assault by other means","Fracture of face bone","male",1995,"inj_homicide_other12"
22.20897,"Assault by other means","Fracture of femur, other than femoral neck","male",1995,"inj_homicide_other13"
161.2634,"Assault by other means","Open wound","male",1995,"inj_homicide_other14"
3.280313,"Assault by other means","Injury to eyes (including foreign body eye)","male",1995,"inj_homicide_other15"
59.0373,"Assault by other means","Moderate to severe traumatic brain injury","male",1995,"inj_homicide_other16"
2.063392,"Assault by other means","Environmental factors (e.g. temperature, pressure, electricity)","male",1995,"inj_homicide_other17"
16.61015,"Assault by other means","Spinal cord lesion at neck level","male",1995,"inj_homicide_other18"
.8631139,"Assault by other means","Dislocation of hip","male",1995,"inj_homicide_other19"
.1951841,"Assault by other means","Non-fatal submersion","male",1995,"inj_homicide_other20"
.1542634,"Assault by other means","Dislocation of knee","male",1995,"inj_homicide_other21"
76.95019,"Assault by other means","Fracture of patella, tibia, fibula, or ankle","male",1995,"inj_homicide_other22"
4.841756,"Assault by other means","Injured nerves","male",1995,"inj_homicide_other23"
3.190977,"Assault by other means","Fracture of foot bone","male",1995,"inj_homicide_other24"
1.179218,"Assault by other means","Fracture of clavicle, scapula, or humerus","male",1995,"inj_homicide_other25"
11.08916,"Assault by other means","Burns with >=20% total burned surface area or >=10% if burns include face and/or hands","male",1995,"inj_homicide_other26"
33.71342,"Assault by other means","Fracture of hand bone","male",1995,"inj_homicide_other27"
50.56139,"Assault by other means","Poisoning","male",1995,"inj_homicide_other28"
13.28259,"Assault by other means","Burns with <20% total burned surface area","male",1995,"inj_homicide_other29"
4.357706,"Assault by other means","Other injuries of muscle & tendon and other dislocations","male",1995,"inj_homicide_other30"
55.07449,"Assault by other means","Fracture of neck of femur","male",1995,"inj_homicide_other31"
5.791342,"Assault by other means","Dislocation of shoulder","male",1995,"inj_homicide_other32"
24.8438,"Assault by other means","Fracture of vertebral column","male",1995,"inj_homicide_other33"
142.0368,"Assault by other means","Multiple significant injuries","male",1995,"inj_homicide_other34"
1.536256,"Assault by other means","Severe chest Injury","male",1995,"inj_homicide_other35"
11.26717,"Assault by sharp object","Complications of medical treatment","male",1995,"inj_homicide_knife1"
41.23452,"Assault by sharp object","Multiple significant injuries","male",1995,"inj_homicide_knife2"
4.842804,"Assault by sharp object","Fracture of femur, other than femoral neck","male",1995,"inj_homicide_knife3"
5.897067,"Assault by sharp object","Fracture of vertebral column","male",1995,"inj_homicide_knife4"
.3887246,"Assault by sharp object","Environmental factors (e.g. temperature, pressure, electricity)","male",1995,"inj_homicide_knife5"
8.133984,"Assault by sharp object","Moderate to severe traumatic brain injury","male",1995,"inj_homicide_knife6"
6.498885,"Assault by sharp object","Fracture of neck of femur","male",1995,"inj_homicide_knife7"
.7784573,"Assault by sharp object","Burns with <20% total burned surface area","male",1995,"inj_homicide_knife8"
.5463392,"Assault by sharp object","Amputation of finger (excluding thumb)","male",1995,"inj_homicide_knife9"
1.812375,"Assault by sharp object","Fracture of foot bone","male",1995,"inj_homicide_knife10"
5.820157,"Assault by sharp object","Other injuries of muscle & tendon and other dislocations","male",1995,"inj_homicide_knife11"
.0683727,"Assault by sharp object","Dislocation of knee","male",1995,"inj_homicide_knife12"
2.621478,"Assault by sharp object","Poisoning","male",1995,"inj_homicide_knife13"
6.684796,"Assault by sharp object","Spinal cord lesion at neck level","male",1995,"inj_homicide_knife14"
7.652572,"Assault by sharp object","Contusion","male",1995,"inj_homicide_knife15"
1.829221,"Assault by sharp object","Dislocation of shoulder","male",1995,"inj_homicide_knife16"
.0369336,"Assault by sharp object","Non-fatal submersion","male",1995,"inj_homicide_knife17"
2.072163,"Assault by sharp object","Injury to eyes (including foreign body eye)","male",1995,"inj_homicide_knife18"
.2478468,"Assault by sharp object","Fracture of sternum or rib(s)","male",1995,"inj_homicide_knife19"
18.46273,"Assault by sharp object","Spinal cord lesion below neck level","male",1995,"inj_homicide_knife20"
9.592081,"Assault by sharp object","Fracture of skull","male",1995,"inj_homicide_knife21"
.4439287,"Assault by sharp object","Fracture of clavicle, scapula, or humerus","male",1995,"inj_homicide_knife22"
.4583235,"Assault by sharp object","Burns with >=20% total burned surface area or >=10% if burns include face and/or hands","male",1995,"inj_homicide_knife23"
6.823454,"Assault by sharp object","Injured nerves","male",1995,"inj_homicide_knife24"
1.080254,"Assault by sharp object","Crush injury","male",1995,"inj_homicide_knife25"
4.129125,"Assault by sharp object","Severe chest Injury","male",1995,"inj_homicide_knife26"
50.2801,"Assault by sharp object","Internal hemorrhage in abdomen or pelvis","male",1995,"inj_homicide_knife27"
13.28248,"Assault by sharp object","Fracture of patella, tibia, fibula, or ankle","male",1995,"inj_homicide_knife28"
2.762703,"Assault by sharp object","Minor traumatic brain injury","male",1995,"inj_homicide_knife29"
115.1368,"Assault by sharp object","Open wound","male",1995,"inj_homicide_knife30"
1.552667,"Assault by sharp object","Fracture of pelvis","male",1995,"inj_homicide_knife31"
5.972538,"Assault by sharp object","Fracture of hand bone","male",1995,"inj_homicide_knife32"
.318812,"Assault by sharp object","Fracture of face bone","male",1995,"inj_homicide_knife33"
2.185049,"Assault by sharp object","Fracture of radius or ulna","male",1995,"inj_homicide_knife34"
.2386855,"Assault by sharp object","Dislocation of hip","male",1995,"inj_homicide_knife35"
9.271289,"Cyclist road injuries","Fracture of clavicle, scapula, or humerus","male",1995,"inj_trans_road_pedal1"
171.4546,"Cyclist road injuries","Fracture of vertebral column","male",1995,"inj_trans_road_pedal2"
.7209833,"Cyclist road injuries","Burns with <20% total burned surface area","male",1995,"inj_trans_road_pedal3"
21.3737,"Cyclist road injuries","Fracture of pelvis","male",1995,"inj_trans_road_pedal4"
2.456342,"Cyclist road injuries","Fracture of face bone","male",1995,"inj_trans_road_pedal5"
.3991735,"Cyclist road injuries","Environmental factors (e.g. temperature, pressure, electricity)","male",1995,"inj_trans_road_pedal6"
3.594961,"Cyclist road injuries","Injured nerves","male",1995,"inj_trans_road_pedal7"
6.446785,"Cyclist road injuries","Fracture of foot bone","male",1995,"inj_trans_road_pedal8"
6.711118,"Cyclist road injuries","Burns with >=20% total burned surface area or >=10% if burns include face and/or hands","male",1995,"inj_trans_road_pedal9"
1.638986,"Cyclist road injuries","Injury to eyes (including foreign body eye)","male",1995,"inj_trans_road_pedal10"
.0443728,"Cyclist road injuries","Non-fatal submersion","male",1995,"inj_trans_road_pedal11"
2.573174,"Cyclist road injuries","Crush injury","male",1995,"inj_trans_road_pedal12"
16.1969,"Cyclist road injuries","Fracture of skull","male",1995,"inj_trans_road_pedal13"
35.59985,"Cyclist road injuries","Spinal cord lesion at neck level","male",1995,"inj_trans_road_pedal14"
96.78436,"Cyclist road injuries","Moderate to severe traumatic brain injury","male",1995,"inj_trans_road_pedal15"
6.091897,"Cyclist road injuries","Fracture of sternum or rib(s)","male",1995,"inj_trans_road_pedal16"
3.790395,"Cyclist road injuries","Severe chest Injury","male",1995,"inj_trans_road_pedal17"
51.49842,"Cyclist road injuries","Fracture of radius or ulna","male",1995,"inj_trans_road_pedal18"
1.763636,"Cyclist road injuries","Dislocation of hip","male",1995,"inj_trans_road_pedal19"
273.2404,"Cyclist road injuries","Open wound","male",1995,"inj_trans_road_pedal20"
228.7976,"Cyclist road injuries","Fracture of neck of femur","male",1995,"inj_trans_road_pedal21"
160.845,"Cyclist road injuries","Multiple significant injuries","male",1995,"inj_trans_road_pedal22"
28.18367,"Cyclist road injuries","Minor traumatic brain injury","male",1995,"inj_trans_road_pedal23"
23.23231,"Cyclist road injuries","Contusion","male",1995,"inj_trans_road_pedal24"
16.64433,"Cyclist road injuries","Complications of medical treatment","male",1995,"inj_trans_road_pedal25"
27.07613,"Cyclist road injuries","Dislocation of shoulder","male",1995,"inj_trans_road_pedal26"
8.69238,"Cyclist road injuries","Other injuries of muscle & tendon and other dislocations","male",1995,"inj_trans_road_pedal27"
1.089787,"Cyclist road injuries","Poisoning","male",1995,"inj_trans_road_pedal28"
.4184925,"Cyclist road injuries","Dislocation of knee","male",1995,"inj_trans_road_pedal29"
18.92853,"Cyclist road injuries","Internal hemorrhage in abdomen or pelvis","male",1995,"inj_trans_road_pedal30"
9.948265,"Cyclist road injuries","Spinal cord lesion below neck level","male",1995,"inj_trans_road_pedal31"
43.49662,"Cyclist road injuries","Fracture of femur, other than femoral neck","male",1995,"inj_trans_road_pedal32"
.154373,"Cyclist road injuries","Amputation of finger (excluding thumb)","male",1995,"inj_trans_road_pedal33"
346.1582,"Cyclist road injuries","Fracture of patella, tibia, fibula, or ankle","male",1995,"inj_trans_road_pedal34"
33.58348,"Cyclist road injuries","Fracture of hand bone","male",1995,"inj_trans_road_pedal35"
.141913,"Drowning","Fracture of sternum or rib(s)","male",1995,"inj_drowning1"
9.097883,"Drowning","Fracture of pelvis","male",1995,"inj_drowning2"
63.08178,"Drowning","Complications of medical treatment","male",1995,"inj_drowning3"
1.522944,"Drowning","Contusion","male",1995,"inj_drowning4"
.8665845,"Drowning","Dislocation of hip","male",1995,"inj_drowning5"
3.809119,"Drowning","Burns with <20% total burned surface area","male",1995,"inj_drowning6"
1.180244,"Drowning","Dislocation of knee","male",1995,"inj_drowning7"
1.005697,"Drowning","Fracture of face bone","male",1995,"inj_drowning8"
8.283047,"Drowning","Fracture of vertebral column","male",1995,"inj_drowning9"
2.566108,"Drowning","Fracture of radius or ulna","male",1995,"inj_drowning10"
.9301887,"Drowning","Injury to eyes (including foreign body eye)","male",1995,"inj_drowning11"
.8309886,"Drowning","Crush injury","male",1995,"inj_drowning12"
.0506457,"Drowning","Amputation of finger (excluding thumb)","male",1995,"inj_drowning13"
159.8981,"Drowning","Environmental factors (e.g. temperature, pressure, electricity)","male",1995,"inj_drowning14"
117.0284,"Drowning","Non-fatal submersion","male",1995,"inj_drowning15"
10.88585,"Drowning","Other injuries of muscle & tendon and other dislocations","male",1995,"inj_drowning16"
.272911,"Drowning","Fracture of skull","male",1995,"inj_drowning17"
7.740741,"Drowning","Injured nerves","male",1995,"inj_drowning18"
.4466553,"Drowning","Severe chest Injury","male",1995,"inj_drowning19"
3.210456,"Drowning","Burns with >=20% total burned surface area or >=10% if burns include face and/or hands","male",1995,"inj_drowning20"
56.03133,"Drowning","Spinal cord lesion at neck level","male",1995,"inj_drowning21"
14.10739,"Drowning","Poisoning","male",1995,"inj_drowning22"
22.58781,"Drowning","Moderate to severe traumatic brain injury","male",1995,"inj_drowning23"
4.152647,"Drowning","Fracture of clavicle, scapula, or humerus","male",1995,"inj_drowning24"
32.70738,"Drowning","Multiple significant injuries","male",1995,"inj_drowning25"
289.2054,"Drowning","Fracture of neck of femur","male",1995,"inj_drowning26"
4.418635,"Drowning","Minor traumatic brain injury","male",1995,"inj_drowning27"
35.63697,"Drowning","Fracture of femur, other than femoral neck","male",1995,"inj_drowning28"
7.571999,"Drowning","Fracture of hand bone","male",1995,"inj_drowning29"
84.00843,"Drowning","Fracture of patella, tibia, fibula, or ankle","male",1995,"inj_drowning30"
11.64829,"Drowning","Open wound","male",1995,"inj_drowning31"
19.8721,"Drowning","Fracture of foot bone","male",1995,"inj_drowning32"
6.804447,"Drowning","Internal hemorrhage in abdomen or pelvis","male",1995,"inj_drowning33"
83.37711,"Drowning","Dislocation of shoulder","male",1995,"inj_drowning34"
25.37959,"Drowning","Spinal cord lesion below neck level","male",1995,"inj_drowning35"
.3698397,"Falls","Amputation of finger (excluding thumb)","male",1995,"inj_falls1"
423.5618,"Falls","Complications of medical treatment","male",1995,"inj_falls2"
347.7972,"Falls","Fracture of radius or ulna","male",1995,"inj_falls3"
537.2795,"Falls","Fracture of femur, other than femoral neck","male",1995,"inj_falls4"
239.407,"Falls","Fracture of skull","male",1995,"inj_falls5"
94.65974,"Falls","Injured nerves","male",1995,"inj_falls6"
15.03249,"Falls","Dislocation of knee","male",1995,"inj_falls7"
146.0163,"Falls","Fracture of pelvis","male",1995,"inj_falls8"
85.2235,"Falls","Fracture of clavicle, scapula, or humerus","male",1995,"inj_falls9"
32.13961,"Falls","Dislocation of hip","male",1995,"inj_falls10"
2496.241,"Falls","Fracture of patella, tibia, fibula, or ankle","male",1995,"inj_falls11"
25.39656,"Falls","Severe chest Injury","male",1995,"inj_falls12"
24.51837,"Falls","Burns with >=20% total burned surface area or >=10% if burns include face and/or hands","male",1995,"inj_falls13"
15.94358,"Falls","Injury to eyes (including foreign body eye)","male",1995,"inj_falls14"
1200.685,"Falls","Open wound","male",1995,"inj_falls15"
306.9182,"Falls","Spinal cord lesion below neck level","male",1995,"inj_falls16"
217.403,"Falls","Contusion","male",1995,"inj_falls17"
15.13867,"Falls","Fracture of sternum or rib(s)","male",1995,"inj_falls18"
622.061,"Falls","Fracture of vertebral column","male",1995,"inj_falls19"
1117.689,"Falls","Moderate to severe traumatic brain injury","male",1995,"inj_falls20"
2.648314,"Falls","Non-fatal submersion","male",1995,"inj_falls21"
14.77896,"Falls","Fracture of face bone","male",1995,"inj_falls22"
198.3467,"Falls","Internal hemorrhage in abdomen or pelvis","male",1995,"inj_falls23"
183.514,"Falls","Fracture of foot bone","male",1995,"inj_falls24"
213.0247,"Falls","Fracture of hand bone","male",1995,"inj_falls25"
1678.406,"Falls","Multiple significant injuries","male",1995,"inj_falls26"
300.9031,"Falls","Dislocation of shoulder","male",1995,"inj_falls27"
37.08841,"Falls","Crush injury","male",1995,"inj_falls28"
38.16606,"Falls","Poisoning","male",1995,"inj_falls29"
321.8808,"Falls","Spinal cord lesion at neck level","male",1995,"inj_falls30"
179.9136,"Falls","Other injuries of muscle & tendon and other dislocations","male",1995,"inj_falls31"
113.5758,"Falls","Minor traumatic brain injury","male",1995,"inj_falls32"
20.69979,"Falls","Burns with <20% total burned surface area","male",1995,"inj_falls33"
1341.872,"Falls","Fracture of neck of femur","male",1995,"inj_falls34"
14.68174,"Falls","Environmental factors (e.g. temperature, pressure, electricity)","male",1995,"inj_falls35"
19.90432,"Fire, heat, and hot substances","Fracture of vertebral column","male",1995,"inj_fires1"
242.5131,"Fire, heat, and hot substances","Poisoning","male",1995,"inj_fires2"
.2034152,"Fire, heat, and hot substances","Amputation of finger (excluding thumb)","male",1995,"inj_fires3"
7.589262,"Fire, heat, and hot substances","Injured nerves","male",1995,"inj_fires4"
6.882122,"Fire, heat, and hot substances","Spinal cord lesion at neck level","male",1995,"inj_fires5"
2.839678,"Fire, heat, and hot substances","Fracture of clavicle, scapula, or humerus","male",1995,"inj_fires6"
12.78007,"Fire, heat, and hot substances","Contusion","male",1995,"inj_fires7"
9.876836,"Fire, heat, and hot substances","Minor traumatic brain injury","male",1995,"inj_fires8"
103.9762,"Fire, heat, and hot substances","Multiple significant injuries","male",1995,"inj_fires9"
135.9366,"Fire, heat, and hot substances","Complications of medical treatment","male",1995,"inj_fires10"
97.17679,"Fire, heat, and hot substances","Open wound","male",1995,"inj_fires11"
2.766653,"Fire, heat, and hot substances","Fracture of face bone","male",1995,"inj_fires12"
.2490952,"Fire, heat, and hot substances","Fracture of sternum or rib(s)","male",1995,"inj_fires13"
21.03991,"Fire, heat, and hot substances","Other injuries of muscle & tendon and other dislocations","male",1995,"inj_fires14"
36.58038,"Fire, heat, and hot substances","Moderate to severe traumatic brain injury","male",1995,"inj_fires15"
42.62592,"Fire, heat, and hot substances","Dislocation of shoulder","male",1995,"inj_fires16"
5.183004,"Fire, heat, and hot substances","Crush injury","male",1995,"inj_fires17"
10.353,"Fire, heat, and hot substances","Fracture of pelvis","male",1995,"inj_fires18"
5.325392,"Fire, heat, and hot substances","Fracture of skull","male",1995,"inj_fires19"
11.95143,"Fire, heat, and hot substances","Fracture of foot bone","male",1995,"inj_fires20"
84.481,"Fire, heat, and hot substances","Fracture of patella, tibia, fibula, or ankle","male",1995,"inj_fires21"
16.30057,"Fire, heat, and hot substances","Fracture of hand bone","male",1995,"inj_fires22"
1.294599,"Fire, heat, and hot substances","Dislocation of knee","male",1995,"inj_fires23"
53.03294,"Fire, heat, and hot substances","Environmental factors (e.g. temperature, pressure, electricity)","male",1995,"inj_fires24"
352.6845,"Fire, heat, and hot substances","Internal hemorrhage in abdomen or pelvis","male",1995,"inj_fires25"
28.03853,"Fire, heat, and hot substances","Fracture of femur, other than femoral neck","male",1995,"inj_fires26"
1.567917,"Fire, heat, and hot substances","Severe chest Injury","male",1995,"inj_fires27"
41.9554,"Fire, heat, and hot substances","Fracture of neck of femur","male",1995,"inj_fires28"
4.817317,"Fire, heat, and hot substances","Dislocation of hip","male",1995,"inj_fires29"
4.324796,"Fire, heat, and hot substances","Spinal cord lesion below neck level","male",1995,"inj_fires30"
8.60825,"Fire, heat, and hot substances","Injury to eyes (including foreign body eye)","male",1995,"inj_fires31"
560.6486,"Fire, heat, and hot substances","Burns with <20% total burned surface area","male",1995,"inj_fires32"
.4090061,"Fire, heat, and hot substances","Non-fatal submersion","male",1995,"inj_fires33"
3.449735,"Fire, heat, and hot substances","Fracture of radius or ulna","male",1995,"inj_fires34"
879.8049,"Fire, heat, and hot substances","Burns with >=20% total burned surface area or >=10% if burns include face and/or hands","male",1995,"inj_fires35"
1.707042,"Foreign body in eyes","Open wound","male",1995,"inj_foreign_eye1"
.0160983,"Foreign body in eyes","Fracture of clavicle, scapula, or humerus","male",1995,"inj_foreign_eye2"
.0014515,"Foreign body in eyes","Fracture of sternum or rib(s)","male",1995,"inj_foreign_eye3"
.5946425,"Foreign body in eyes","Poisoning","male",1995,"inj_foreign_eye4"
.0378914,"Foreign body in eyes","Dislocation of knee","male",1995,"inj_foreign_eye5"
.9557359,"Foreign body in eyes","Spinal cord lesion at neck level","male",1995,"inj_foreign_eye6"
.0445298,"Foreign body in eyes","Severe chest Injury","male",1995,"inj_foreign_eye7"
.2517981,"Foreign body in eyes","Burns with >=20% total burned surface area or >=10% if burns include face and/or hands","male",1995,"inj_foreign_eye8"
1.028902,"Foreign body in eyes","Injured nerves","male",1995,"inj_foreign_eye9"
.5266401,"Foreign body in eyes","Moderate to severe traumatic brain injury","male",1995,"inj_foreign_eye10"
.1231832,"Foreign body in eyes","Fracture of pelvis","male",1995,"inj_foreign_eye11"
.1100554,"Foreign body in eyes","Burns with <20% total burned surface area","male",1995,"inj_foreign_eye12"
.0919691,"Foreign body in eyes","Environmental factors (e.g. temperature, pressure, electricity)","male",1995,"inj_foreign_eye13"
.0863398,"Foreign body in eyes","Crush injury","male",1995,"inj_foreign_eye14"
.3783195,"Foreign body in eyes","Fracture of femur, other than femoral neck","male",1995,"inj_foreign_eye15"
.0662827,"Foreign body in eyes","Dislocation of shoulder","male",1995,"inj_foreign_eye16"
.1963958,"Foreign body in eyes","Fracture of vertebral column","male",1995,"inj_foreign_eye17"
.157269,"Foreign body in eyes","Other injuries of muscle & tendon and other dislocations","male",1995,"inj_foreign_eye18"
.0388979,"Foreign body in eyes","Fracture of radius or ulna","male",1995,"inj_foreign_eye19"
.1813432,"Foreign body in eyes","Minor traumatic brain injury","male",1995,"inj_foreign_eye20"
9.979203,"Foreign body in eyes","Injury to eyes (including foreign body eye)","male",1995,"inj_foreign_eye21"
.220341,"Foreign body in eyes","Fracture of skull","male",1995,"inj_foreign_eye22"
11.02626,"Foreign body in eyes","Internal hemorrhage in abdomen or pelvis","male",1995,"inj_foreign_eye23"
.2276782,"Foreign body in eyes","Fracture of foot bone","male",1995,"inj_foreign_eye24"
1.856121,"Foreign body in eyes","Fracture of neck of femur","male",1995,"inj_foreign_eye25"
.0113824,"Foreign body in eyes","Dislocation of hip","male",1995,"inj_foreign_eye26"
.9821739,"Foreign body in eyes","Fracture of patella, tibia, fibula, or ankle","male",1995,"inj_foreign_eye27"
17.13587,"Foreign body in eyes","Complications of medical treatment","male",1995,"inj_foreign_eye28"
.099922,"Foreign body in eyes","Multiple significant injuries","male",1995,"inj_foreign_eye29"
2.290448,"Foreign body in eyes","Spinal cord lesion below neck level","male",1995,"inj_foreign_eye30"
.1374923,"Foreign body in eyes","Fracture of hand bone","male",1995,"inj_foreign_eye31"
.0194493,"Foreign body in eyes","Fracture of face bone","male",1995,"inj_foreign_eye32"
.2818383,"Foreign body in eyes","Contusion","male",1995,"inj_foreign_eye33"
1.442585,"Foreign body in other body part","Spinal cord lesion at neck level","male",1995,"inj_foreign_other1"
139.0689,"Foreign body in other body part","Open wound","male",1995,"inj_foreign_other2"
.0102169,"Foreign body in other body part","Dislocation of knee","male",1995,"inj_foreign_other3"
1.827147,"Foreign body in other body part","Moderate to severe traumatic brain injury","male",1995,"inj_foreign_other4"
.3266849,"Foreign body in other body part","Fracture of pelvis","male",1995,"inj_foreign_other5"
75.52584,"Foreign body in other body part","Poisoning","male",1995,"inj_foreign_other6"
17.70471,"Foreign body in other body part","Complications of medical treatment","male",1995,"inj_foreign_other7"
1.301413,"Foreign body in other body part","Burns with <20% total burned surface area","male",1995,"inj_foreign_other8"
.181637,"Foreign body in other body part","Dislocation of shoulder","male",1995,"inj_foreign_other9"
6.406701,"Foreign body in other body part","Multiple significant injuries","male",1995,"inj_foreign_other10"
4.049839,"Foreign body in other body part","Injured nerves","male",1995,"inj_foreign_other11"
.0498297,"Foreign body in other body part","Non-fatal submersion","male",1995,"inj_foreign_other12"
.0439084,"Foreign body in other body part","Fracture of clavicle, scapula, or humerus","male",1995,"inj_foreign_other13"
.1579975,"Foreign body in other body part","Burns with >=20% total burned surface area or >=10% if burns include face and/or hands","male",1995,"inj_foreign_other14"
4.524552,"Foreign body in other body part","Fracture of hand bone","male",1995,"inj_foreign_other15"
83.59634,"Foreign body in other body part","Internal hemorrhage in abdomen or pelvis","male",1995,"inj_foreign_other16"
.5887302,"Foreign body in other body part","Fracture of radius or ulna","male",1995,"inj_foreign_other17"
2.904455,"Foreign body in other body part","Other injuries of muscle & tendon and other dislocations","male",1995,"inj_foreign_other18"
2.443804,"Foreign body in other body part","Fracture of femur, other than femoral neck","male",1995,"inj_foreign_other19"
.382365,"Foreign body in other body part","Amputation of finger (excluding thumb)","male",1995,"inj_foreign_other20"
.0025429,"Foreign body in other body part","Fracture of sternum or rib(s)","male",1995,"inj_foreign_other21"
29.82808,"Foreign body in other body part","Fracture of neck of femur","male",1995,"inj_foreign_other22"
7.666892,"Foreign body in other body part","Fracture of patella, tibia, fibula, or ankle","male",1995,"inj_foreign_other23"
.1699897,"Foreign body in other body part","Fracture of face bone","male",1995,"inj_foreign_other24"
8.719906,"Foreign body in other body part","Contusion","male",1995,"inj_foreign_other25"
.0217569,"Foreign body in other body part","Dislocation of hip","male",1995,"inj_foreign_other26"
.5165247,"Foreign body in other body part","Minor traumatic brain injury","male",1995,"inj_foreign_other27"
31.10204,"Foreign body in other body part","Injury to eyes (including foreign body eye)","male",1995,"inj_foreign_other28"
1.55028,"Foreign body in other body part","Fracture of vertebral column","male",1995,"inj_foreign_other29"
.7831623,"Foreign body in other body part","Fracture of foot bone","male",1995,"inj_foreign_other30"
.5061271,"Foreign body in other body part","Severe chest Injury","male",1995,"inj_foreign_other31"
2.664379,"Foreign body in other body part","Spinal cord lesion below neck level","male",1995,"inj_foreign_other32"
.4227884,"Foreign body in other body part","Environmental factors (e.g. temperature, pressure, electricity)","male",1995,"inj_foreign_other33"
2.824322,"Foreign body in other body part","Fracture of skull","male",1995,"inj_foreign_other34"
.055608,"Foreign body in other body part","Crush injury","male",1995,"inj_foreign_other35"
5.416058,"Motor vehicle road injuries","Injury to eyes (including foreign body eye)","male",1995,"inj_trans_road_4wheel1"
11.79351,"Motor vehicle road injuries","Fracture of clavicle, scapula, or humerus","male",1995,"inj_trans_road_4wheel2"
511.2204,"Motor vehicle road injuries","Fracture of neck of femur","male",1995,"inj_trans_road_4wheel3"
46.82808,"Motor vehicle road injuries","Fracture of hand bone","male",1995,"inj_trans_road_4wheel4"
312.9182,"Motor vehicle road injuries","Open wound","male",1995,"inj_trans_road_4wheel5"
.7061637,"Motor vehicle road injuries","Amputation of finger (excluding thumb)","male",1995,"inj_trans_road_4wheel6"
6.032746,"Motor vehicle road injuries","Burns with <20% total burned surface area","male",1995,"inj_trans_road_4wheel7"
.9792531,"Motor vehicle road injuries","Dislocation of knee","male",1995,"inj_trans_road_4wheel8"
19.54664,"Motor vehicle road injuries","Injured nerves","male",1995,"inj_trans_road_4wheel9"
37.10893,"Motor vehicle road injuries","Complications of medical treatment","male",1995,"inj_trans_road_4wheel10"
10.04713,"Motor vehicle road injuries","Burns with >=20% total burned surface area or >=10% if burns include face and/or hands","male",1995,"inj_trans_road_4wheel11"
2.860587,"Motor vehicle road injuries","Environmental factors (e.g. temperature, pressure, electricity)","male",1995,"inj_trans_road_4wheel12"
46.63123,"Motor vehicle road injuries","Fracture of radius or ulna","male",1995,"inj_trans_road_4wheel13"
197.2017,"Motor vehicle road injuries","Fracture of vertebral column","male",1995,"inj_trans_road_4wheel14"
116.2258,"Motor vehicle road injuries","Internal hemorrhage in abdomen or pelvis","male",1995,"inj_trans_road_4wheel15"
72.56638,"Motor vehicle road injuries","Minor traumatic brain injury","male",1995,"inj_trans_road_4wheel16"
114.1926,"Motor vehicle road injuries","Spinal cord lesion below neck level","male",1995,"inj_trans_road_4wheel17"
15.89045,"Motor vehicle road injuries","Fracture of sternum or rib(s)","male",1995,"inj_trans_road_4wheel18"
259.3526,"Motor vehicle road injuries","Fracture of femur, other than femoral neck","male",1995,"inj_trans_road_4wheel19"
182.4462,"Motor vehicle road injuries","Spinal cord lesion at neck level","male",1995,"inj_trans_road_4wheel20"
102.3045,"Motor vehicle road injuries","Fracture of skull","male",1995,"inj_trans_road_4wheel21"
19.39402,"Motor vehicle road injuries","Fracture of foot bone","male",1995,"inj_trans_road_4wheel22"
.0959922,"Motor vehicle road injuries","Non-fatal submersion","male",1995,"inj_trans_road_4wheel23"
1498.921,"Motor vehicle road injuries","Multiple significant injuries","male",1995,"inj_trans_road_4wheel24"
6.611946,"Motor vehicle road injuries","Crush injury","male",1995,"inj_trans_road_4wheel25"
27.19898,"Motor vehicle road injuries","Dislocation of hip","male",1995,"inj_trans_road_4wheel26"
19.46023,"Motor vehicle road injuries","Severe chest Injury","male",1995,"inj_trans_road_4wheel27"
1113.607,"Motor vehicle road injuries","Fracture of patella, tibia, fibula, or ankle","male",1995,"inj_trans_road_4wheel28"
8.423656,"Motor vehicle road injuries","Poisoning","male",1995,"inj_trans_road_4wheel29"
37.52963,"Motor vehicle road injuries","Dislocation of shoulder","male",1995,"inj_trans_road_4wheel30"
187.7735,"Motor vehicle road injuries","Fracture of pelvis","male",1995,"inj_trans_road_4wheel31"
299.1597,"Motor vehicle road injuries","Moderate to severe traumatic brain injury","male",1995,"inj_trans_road_4wheel32"
156.1433,"Motor vehicle road injuries","Contusion","male",1995,"inj_trans_road_4wheel33"
5.429147,"Motor vehicle road injuries","Fracture of face bone","male",1995,"inj_trans_road_4wheel34"
27.49163,"Motor vehicle road injuries","Other injuries of muscle & tendon and other dislocations","male",1995,"inj_trans_road_4wheel35"
80.14177,"Motorcyclist road injuries","Spinal cord lesion at neck level","male",1995,"inj_trans_road_2wheel1"
63.84633,"Motorcyclist road injuries","Fracture of pelvis","male",1995,"inj_trans_road_2wheel2"
34.7779,"Motorcyclist road injuries","Minor traumatic brain injury","male",1995,"inj_trans_road_2wheel3"
13.84938,"Motorcyclist road injuries","Burns with >=20% total burned surface area or >=10% if burns include face and/or hands","male",1995,"inj_trans_road_2wheel4"
34.3252,"Motorcyclist road injuries","Contusion","male",1995,"inj_trans_road_2wheel5"
101.5857,"Motorcyclist road injuries","Internal hemorrhage in abdomen or pelvis","male",1995,"inj_trans_road_2wheel6"
6.973462,"Motorcyclist road injuries","Fracture of face bone","male",1995,"inj_trans_road_2wheel7"
1.989972,"Motorcyclist road injuries","Environmental factors (e.g. temperature, pressure, electricity)","male",1995,"inj_trans_road_2wheel8"
56.07867,"Motorcyclist road injuries","Spinal cord lesion below neck level","male",1995,"inj_trans_road_2wheel9"
707.2607,"Motorcyclist road injuries","Fracture of patella, tibia, fibula, or ankle","male",1995,"inj_trans_road_2wheel10"
10.5487,"Motorcyclist road injuries","Dislocation of hip","male",1995,"inj_trans_road_2wheel11"
54.94563,"Motorcyclist road injuries","Fracture of foot bone","male",1995,"inj_trans_road_2wheel12"
27.56724,"Motorcyclist road injuries","Fracture of radius or ulna","male",1995,"inj_trans_road_2wheel13"
835.1584,"Motorcyclist road injuries","Multiple significant injuries","male",1995,"inj_trans_road_2wheel14"
68.99551,"Motorcyclist road injuries","Fracture of vertebral column","male",1995,"inj_trans_road_2wheel15"
83.60517,"Motorcyclist road injuries","Fracture of skull","male",1995,"inj_trans_road_2wheel16"
2.300636,"Motorcyclist road injuries","Dislocation of knee","male",1995,"inj_trans_road_2wheel17"
3.439117,"Motorcyclist road injuries","Fracture of sternum or rib(s)","male",1995,"inj_trans_road_2wheel18"
183.6067,"Motorcyclist road injuries","Open wound","male",1995,"inj_trans_road_2wheel19"
.025146,"Motorcyclist road injuries","Non-fatal submersion","male",1995,"inj_trans_road_2wheel20"
287.5736,"Motorcyclist road injuries","Fracture of neck of femur","male",1995,"inj_trans_road_2wheel21"
68.07243,"Motorcyclist road injuries","Dislocation of shoulder","male",1995,"inj_trans_road_2wheel22"
9.997401,"Motorcyclist road injuries","Crush injury","male",1995,"inj_trans_road_2wheel23"
67.57957,"Motorcyclist road injuries","Complications of medical treatment","male",1995,"inj_trans_road_2wheel24"
216.5104,"Motorcyclist road injuries","Moderate to severe traumatic brain injury","male",1995,"inj_trans_road_2wheel25"
211.5568,"Motorcyclist road injuries","Fracture of femur, other than femoral neck","male",1995,"inj_trans_road_2wheel26"
17.23064,"Motorcyclist road injuries","Injured nerves","male",1995,"inj_trans_road_2wheel27"
40.10692,"Motorcyclist road injuries","Other injuries of muscle & tendon and other dislocations","male",1995,"inj_trans_road_2wheel28"
13.37988,"Motorcyclist road injuries","Fracture of clavicle, scapula, or humerus","male",1995,"inj_trans_road_2wheel29"
4.52128,"Motorcyclist road injuries","Severe chest Injury","male",1995,"inj_trans_road_2wheel30"
2.628085,"Motorcyclist road injuries","Poisoning","male",1995,"inj_trans_road_2wheel31"
46.68497,"Motorcyclist road injuries","Fracture of hand bone","male",1995,"inj_trans_road_2wheel32"
3.034703,"Motorcyclist road injuries","Injury to eyes (including foreign body eye)","male",1995,"inj_trans_road_2wheel33"
.1462845,"Motorcyclist road injuries","Amputation of finger (excluding thumb)","male",1995,"inj_trans_road_2wheel34"
8.479082,"Motorcyclist road injuries","Burns with <20% total burned surface area","male",1995,"inj_trans_road_2wheel35"
9.129078,"Non-venomous animal contact","Minor traumatic brain injury","male",1995,"inj_animal_nonven1"
1.789287,"Non-venomous animal contact","Severe chest Injury","male",1995,"inj_animal_nonven2"
34.70066,"Non-venomous animal contact","Injury to eyes (including foreign body eye)","male",1995,"inj_animal_nonven3"
2.113645,"Non-venomous animal contact","Environmental factors (e.g. temperature, pressure, electricity)","male",1995,"inj_animal_nonven4"
18.09296,"Non-venomous animal contact","Fracture of hand bone","male",1995,"inj_animal_nonven5"
8.596305,"Non-venomous animal contact","Fracture of foot bone","male",1995,"inj_animal_nonven6"
4.1642,"Non-venomous animal contact","Fracture of radius or ulna","male",1995,"inj_animal_nonven7"
2.31218,"Non-venomous animal contact","Spinal cord lesion below neck level","male",1995,"inj_animal_nonven8"
1.499053,"Non-venomous animal contact","Dislocation of hip","male",1995,"inj_animal_nonven9"
39.05204,"Non-venomous animal contact","Dislocation of shoulder","male",1995,"inj_animal_nonven10"
64.81114,"Non-venomous animal contact","Internal hemorrhage in abdomen or pelvis","male",1995,"inj_animal_nonven11"
127.3608,"Non-venomous animal contact","Multiple significant injuries","male",1995,"inj_animal_nonven12"
3.513522,"Non-venomous animal contact","Crush injury","male",1995,"inj_animal_nonven13"
3367.947,"Non-venomous animal contact","Open wound","male",1995,"inj_animal_nonven14"
1.829471,"Non-venomous animal contact","Fracture of clavicle, scapula, or humerus","male",1995,"inj_animal_nonven15"
13.47441,"Non-venomous animal contact","Injured nerves","male",1995,"inj_animal_nonven16"
39.856,"Non-venomous animal contact","Contusion","male",1995,"inj_animal_nonven17"
58.9391,"Non-venomous animal contact","Moderate to severe traumatic brain injury","male",1995,"inj_animal_nonven18"
35.23472,"Non-venomous animal contact","Fracture of femur, other than femoral neck","male",1995,"inj_animal_nonven19"
3.112632,"Non-venomous animal contact","Fracture of face bone","male",1995,"inj_animal_nonven20"
108.4258,"Non-venomous animal contact","Fracture of patella, tibia, fibula, or ankle","male",1995,"inj_animal_nonven21"
15.01387,"Non-venomous animal contact","Fracture of vertebral column","male",1995,"inj_animal_nonven22"
.5449814,"Non-venomous animal contact","Amputation of finger (excluding thumb)","male",1995,"inj_animal_nonven23"
26.89151,"Non-venomous animal contact","Complications of medical treatment","male",1995,"inj_animal_nonven24"
8.135513,"Non-venomous animal contact","Fracture of pelvis","male",1995,"inj_animal_nonven25"
17.87834,"Non-venomous animal contact","Other injuries of muscle & tendon and other dislocations","male",1995,"inj_animal_nonven26"
2.838861,"Non-venomous animal contact","Burns with >=20% total burned surface area or >=10% if burns include face and/or hands","male",1995,"inj_animal_nonven27"
17.06258,"Non-venomous animal contact","Spinal cord lesion at neck level","male",1995,"inj_animal_nonven28"
105.4573,"Non-venomous animal contact","Poisoning","male",1995,"inj_animal_nonven29"
.2502843,"Non-venomous animal contact","Non-fatal submersion","male",1995,"inj_animal_nonven30"
9.826254,"Non-venomous animal contact","Fracture of skull","male",1995,"inj_animal_nonven31"
1.172206,"Non-venomous animal contact","Burns with <20% total burned surface area","male",1995,"inj_animal_nonven32"
1.476012,"Non-venomous animal contact","Fracture of sternum or rib(s)","male",1995,"inj_animal_nonven33"
20.08048,"Non-venomous animal contact","Fracture of neck of femur","male",1995,"inj_animal_nonven34"
3.795816,"Non-venomous animal contact","Dislocation of knee","male",1995,"inj_animal_nonven35"
2.724075,"Other exposure to mechanical forces","Environmental factors (e.g. temperature, pressure, electricity)","male",1995,"inj_mech_other1"
103.3077,"Other exposure to mechanical forces","Injury to eyes (including foreign body eye)","male",1995,"inj_mech_other2"
416.8878,"Other exposure to mechanical forces","Fracture of vertebral column","male",1995,"inj_mech_other3"
191.1562,"Other exposure to mechanical forces","Fracture of femur, other than femoral neck","male",1995,"inj_mech_other4"
9.853455,"Other exposure to mechanical forces","Fracture of sternum or rib(s)","male",1995,"inj_mech_other5"
79.26942,"Other exposure to mechanical forces","Minor traumatic brain injury","male",1995,"inj_mech_other6"
76.39769,"Other exposure to mechanical forces","Fracture of radius or ulna","male",1995,"inj_mech_other7"
22.88469,"Other exposure to mechanical forces","Spinal cord lesion below neck level","male",1995,"inj_mech_other8"
460.0558,"Other exposure to mechanical forces","Internal hemorrhage in abdomen or pelvis","male",1995,"inj_mech_other9"
165.6629,"Other exposure to mechanical forces","Fracture of pelvis","male",1995,"inj_mech_other10"
96.65497,"Other exposure to mechanical forces","Moderate to severe traumatic brain injury","male",1995,"inj_mech_other11"
26.40656,"Other exposure to mechanical forces","Burns with >=20% total burned surface area or >=10% if burns include face and/or hands","male",1995,"inj_mech_other12"
250.9256,"Other exposure to mechanical forces","Multiple significant injuries","male",1995,"inj_mech_other13"
7.012916,"Other exposure to mechanical forces","Dislocation of hip","male",1995,"inj_mech_other14"
1028.17,"Other exposure to mechanical forces","Contusion","male",1995,"inj_mech_other15"
1911.523,"Other exposure to mechanical forces","Fracture of hand bone","male",1995,"inj_mech_other16"
98.58098,"Other exposure to mechanical forces","Amputation of finger (excluding thumb)","male",1995,"inj_mech_other17"
7.94802,"Other exposure to mechanical forces","Fracture of clavicle, scapula, or humerus","male",1995,"inj_mech_other18"
12.10428,"Other exposure to mechanical forces","Severe chest Injury","male",1995,"inj_mech_other19"
3.001084,"Other exposure to mechanical forces","Dislocation of knee","male",1995,"inj_mech_other20"
.0480621,"Other exposure to mechanical forces","Non-fatal submersion","male",1995,"inj_mech_other21"
4236.901,"Other exposure to mechanical forces","Open wound","male",1995,"inj_mech_other22"
1164.851,"Other exposure to mechanical forces","Fracture of patella, tibia, fibula, or ankle","male",1995,"inj_mech_other23"
36.18536,"Other exposure to mechanical forces","Burns with <20% total burned surface area","male",1995,"inj_mech_other24"
80.78689,"Other exposure to mechanical forces","Fracture of foot bone","male",1995,"inj_mech_other25"
249.4475,"Other exposure to mechanical forces","Fracture of neck of femur","male",1995,"inj_mech_other26"
72.6201,"Other exposure to mechanical forces","Dislocation of shoulder","male",1995,"inj_mech_other27"
41.67786,"Other exposure to mechanical forces","Crush injury","male",1995,"inj_mech_other28"
96.59518,"Other exposure to mechanical forces","Injured nerves","male",1995,"inj_mech_other29"
141.9227,"Other exposure to mechanical forces","Complications of medical treatment","male",1995,"inj_mech_other30"
27.82614,"Other exposure to mechanical forces","Poisoning","male",1995,"inj_mech_other31"
8.84035,"Other exposure to mechanical forces","Fracture of face bone","male",1995,"inj_mech_other32"
69.46378,"Other exposure to mechanical forces","Spinal cord lesion at neck level","male",1995,"inj_mech_other33"
135.7772,"Other exposure to mechanical forces","Fracture of skull","male",1995,"inj_mech_other34"
99.48994,"Other exposure to mechanical forces","Other injuries of muscle & tendon and other dislocations","male",1995,"inj_mech_other35"
47.87266,"Other road injuries","Fracture of patella, tibia, fibula, or ankle","male",1995,"inj_trans_road_other1"
1.784266,"Other road injuries","Fracture of clavicle, scapula, or humerus","male",1995,"inj_trans_road_other2"
2.843377,"Other road injuries","Fracture of skull","male",1995,"inj_trans_road_other3"
.1997617,"Other road injuries","Injury to eyes (including foreign body eye)","male",1995,"inj_trans_road_other4"
8.536013,"Other road injuries","Fracture of radius or ulna","male",1995,"inj_trans_road_other5"
14.91365,"Other road injuries","Moderate to severe traumatic brain injury","male",1995,"inj_trans_road_other6"
2.64353,"Other road injuries","Contusion","male",1995,"inj_trans_road_other7"
4.216519,"Other road injuries","Spinal cord lesion below neck level","male",1995,"inj_trans_road_other8"
1.766103,"Other road injuries","Other injuries of muscle & tendon and other dislocations","male",1995,"inj_trans_road_other9"
.4227599,"Other road injuries","Fracture of sternum or rib(s)","male",1995,"inj_trans_road_other10"
5.778425,"Other road injuries","Open wound","male",1995,"inj_trans_road_other11"
5.024868,"Other road injuries","Fracture of pelvis","male",1995,"inj_trans_road_other12"
30.4725,"Other road injuries","Multiple significant injuries","male",1995,"inj_trans_road_other13"
.0040515,"Other road injuries","Non-fatal submersion","male",1995,"inj_trans_road_other14"
.5426909,"Other road injuries","Injured nerves","male",1995,"inj_trans_road_other15"
.2483384,"Other road injuries","Burns with >=20% total burned surface area or >=10% if burns include face and/or hands","male",1995,"inj_trans_road_other16"
6.944583,"Other road injuries","Dislocation of shoulder","male",1995,"inj_trans_road_other17"
.1151354,"Other road injuries","Burns with <20% total burned surface area","male",1995,"inj_trans_road_other18"
.1885694,"Other road injuries","Poisoning","male",1995,"inj_trans_road_other19"
38.9828,"Other road injuries","Fracture of neck of femur","male",1995,"inj_trans_road_other20"
.360129,"Other road injuries","Severe chest Injury","male",1995,"inj_trans_road_other21"
2.000776,"Other road injuries","Fracture of hand bone","male",1995,"inj_trans_road_other22"
8.32004,"Other road injuries","Fracture of femur, other than femoral neck","male",1995,"inj_trans_road_other23"
.0002212,"Other road injuries","Amputation of finger (excluding thumb)","male",1995,"inj_trans_road_other24"
2.675633,"Other road injuries","Complications of medical treatment","male",1995,"inj_trans_road_other25"
.4686632,"Other road injuries","Dislocation of hip","male",1995,"inj_trans_road_other26"
1.745373,"Other road injuries","Minor traumatic brain injury","male",1995,"inj_trans_road_other27"
3.824902,"Other road injuries","Fracture of vertebral column","male",1995,"inj_trans_road_other28"
5.123192,"Other road injuries","Spinal cord lesion at neck level","male",1995,"inj_trans_road_other29"
.0331169,"Other road injuries","Environmental factors (e.g. temperature, pressure, electricity)","male",1995,"inj_trans_road_other30"
1.470038,"Other road injuries","Fracture of foot bone","male",1995,"inj_trans_road_other31"
.1723193,"Other road injuries","Crush injury","male",1995,"inj_trans_road_other32"
.0457187,"Other road injuries","Dislocation of knee","male",1995,"inj_trans_road_other33"
.1894467,"Other road injuries","Fracture of face bone","male",1995,"inj_trans_road_other34"
2.304074,"Other road injuries","Internal hemorrhage in abdomen or pelvis","male",1995,"inj_trans_road_other35"
68.37869,"Other transport injuries","Poisoning","male",1995,"inj_trans_other1"
96.52682,"Other transport injuries","Fracture of skull","male",1995,"inj_trans_other2"
74.23389,"Other transport injuries","Spinal cord lesion below neck level","male",1995,"inj_trans_other3"
182.9081,"Other transport injuries","Fracture of neck of femur","male",1995,"inj_trans_other4"
117.2617,"Other transport injuries","Fracture of hand bone","male",1995,"inj_trans_other5"
19.81454,"Other transport injuries","Spinal cord lesion at neck level","male",1995,"inj_trans_other6"
9.48311,"Other transport injuries","Dislocation of knee","male",1995,"inj_trans_other7"
29.70645,"Other transport injuries","Crush injury","male",1995,"inj_trans_other8"
54.1709,"Other transport injuries","Contusion","male",1995,"inj_trans_other9"
2.923066,"Other transport injuries","Environmental factors (e.g. temperature, pressure, electricity)","male",1995,"inj_trans_other10"
25.21465,"Other transport injuries","Fracture of foot bone","male",1995,"inj_trans_other11"
78.42639,"Other transport injuries","Internal hemorrhage in abdomen or pelvis","male",1995,"inj_trans_other12"
10.78189,"Other transport injuries","Injured nerves","male",1995,"inj_trans_other13"
164.1064,"Other transport injuries","Fracture of sternum or rib(s)","male",1995,"inj_trans_other14"
94.55739,"Other transport injuries","Moderate to severe traumatic brain injury","male",1995,"inj_trans_other15"
13.35257,"Other transport injuries","Other injuries of muscle & tendon and other dislocations","male",1995,"inj_trans_other16"
31.27856,"Other transport injuries","Dislocation of shoulder","male",1995,"inj_trans_other17"
121.62,"Other transport injuries","Complications of medical treatment","male",1995,"inj_trans_other18"
146.4839,"Other transport injuries","Fracture of pelvis","male",1995,"inj_trans_other19"
4.204916,"Other transport injuries","Burns with >=20% total burned surface area or >=10% if burns include face and/or hands","male",1995,"inj_trans_other20"
4.552723,"Other transport injuries","Fracture of clavicle, scapula, or humerus","male",1995,"inj_trans_other21"
23.13157,"Other transport injuries","Burns with <20% total burned surface area","male",1995,"inj_trans_other22"
77.46788,"Other transport injuries","Open wound","male",1995,"inj_trans_other23"
.7850999,"Other transport injuries","Non-fatal submersion","male",1995,"inj_trans_other24"
3.245588,"Other transport injuries","Amputation of finger (excluding thumb)","male",1995,"inj_trans_other25"
78.20496,"Other transport injuries","Fracture of femur, other than femoral neck","male",1995,"inj_trans_other26"
31.00319,"Other transport injuries","Minor traumatic brain injury","male",1995,"inj_trans_other27"
.8240378,"Other transport injuries","Injury to eyes (including foreign body eye)","male",1995,"inj_trans_other28"
723.4902,"Other transport injuries","Fracture of patella, tibia, fibula, or ankle","male",1995,"inj_trans_other29"
206.677,"Other transport injuries","Fracture of vertebral column","male",1995,"inj_trans_other30"
8.702318,"Other transport injuries","Severe chest Injury","male",1995,"inj_trans_other31"
10.71379,"Other transport injuries","Dislocation of hip","male",1995,"inj_trans_other32"
265.6276,"Other transport injuries","Multiple significant injuries","male",1995,"inj_trans_other33"
65.76435,"Other transport injuries","Fracture of radius or ulna","male",1995,"inj_trans_other34"
6.627111,"Other transport injuries","Fracture of face bone","male",1995,"inj_trans_other35"
.4026502,"Other unintentional injuries","Non-fatal submersion","male",1995,"inj_othunintent1"
25.16443,"Other unintentional injuries","Fracture of foot bone","male",1995,"inj_othunintent2"
51.84396,"Other unintentional injuries","Burns with >=20% total burned surface area or >=10% if burns include face and/or hands","male",1995,"inj_othunintent3"
2.463648,"Other unintentional injuries","Fracture of face bone","male",1995,"inj_othunintent4"
15.44887,"Other unintentional injuries","Injured nerves","male",1995,"inj_othunintent5"
120.3919,"Other unintentional injuries","Fracture of pelvis","male",1995,"inj_othunintent6"
10.76424,"Other unintentional injuries","Crush injury","male",1995,"inj_othunintent7"
672.9805,"Other unintentional injuries","Poisoning","male",1995,"inj_othunintent8"
479.036,"Other unintentional injuries","Open wound","male",1995,"inj_othunintent9"
4.350434,"Other unintentional injuries","Dislocation of knee","male",1995,"inj_othunintent10"
12.65154,"Other unintentional injuries","Amputation of finger (excluding thumb)","male",1995,"inj_othunintent11"
17.11989,"Other unintentional injuries","Environmental factors (e.g. temperature, pressure, electricity)","male",1995,"inj_othunintent12"
26.24113,"Other unintentional injuries","Dislocation of shoulder","male",1995,"inj_othunintent13"
25.18814,"Other unintentional injuries","Minor traumatic brain injury","male",1995,"inj_othunintent14"
159.4487,"Other unintentional injuries","Contusion","male",1995,"inj_othunintent15"
9.266063,"Other unintentional injuries","Injury to eyes (including foreign body eye)","male",1995,"inj_othunintent16"
272.8288,"Other unintentional injuries","Fracture of hand bone","male",1995,"inj_othunintent17"
14.37693,"Other unintentional injuries","Severe chest Injury","male",1995,"inj_othunintent18"
37.13365,"Other unintentional injuries","Spinal cord lesion at neck level","male",1995,"inj_othunintent19"
73.27261,"Other unintentional injuries","Complications of medical treatment","male",1995,"inj_othunintent20"
780.1065,"Other unintentional injuries","Fracture of patella, tibia, fibula, or ankle","male",1995,"inj_othunintent21"
40.66438,"Other unintentional injuries","Fracture of skull","male",1995,"inj_othunintent22"
81.38954,"Other unintentional injuries","Multiple significant injuries","male",1995,"inj_othunintent23"
24.56196,"Other unintentional injuries","Other injuries of muscle & tendon and other dislocations","male",1995,"inj_othunintent24"
320.1329,"Other unintentional injuries","Fracture of neck of femur","male",1995,"inj_othunintent25"
2.950533,"Other unintentional injuries","Fracture of clavicle, scapula, or humerus","male",1995,"inj_othunintent26"
25.90432,"Other unintentional injuries","Dislocation of hip","male",1995,"inj_othunintent27"
67.82141,"Other unintentional injuries","Burns with <20% total burned surface area","male",1995,"inj_othunintent28"
9.070653,"Other unintentional injuries","Fracture of sternum or rib(s)","male",1995,"inj_othunintent29"
22.5817,"Other unintentional injuries","Spinal cord lesion below neck level","male",1995,"inj_othunintent30"
62.6507,"Other unintentional injuries","Moderate to severe traumatic brain injury","male",1995,"inj_othunintent31"
46.43479,"Other unintentional injuries","Fracture of radius or ulna","male",1995,"inj_othunintent32"
66.71734,"Other unintentional injuries","Fracture of femur, other than femoral neck","male",1995,"inj_othunintent33"
199.5298,"Other unintentional injuries","Internal hemorrhage in abdomen or pelvis","male",1995,"inj_othunintent34"
843.6541,"Other unintentional injuries","Fracture of vertebral column","male",1995,"inj_othunintent35"
26.53182,"Pedestrian road injuries by road vehicle","Spinal cord lesion below neck level","male",1995,"inj_trans_road_pedest1"
220.8242,"Pedestrian road injuries by road vehicle","Fracture of femur, other than femoral neck","male",1995,"inj_trans_road_pedest2"
7.300719,"Pedestrian road injuries by road vehicle","Burns with <20% total burned surface area","male",1995,"inj_trans_road_pedest3"
4.694558,"Pedestrian road injuries by road vehicle","Severe chest Injury","male",1995,"inj_trans_road_pedest4"
94.77101,"Pedestrian road injuries by road vehicle","Fracture of skull","male",1995,"inj_trans_road_pedest5"
21.97696,"Pedestrian road injuries by road vehicle","Fracture of hand bone","male",1995,"inj_trans_road_pedest6"
18.54473,"Pedestrian road injuries by road vehicle","Fracture of radius or ulna","male",1995,"inj_trans_road_pedest7"
149.6549,"Pedestrian road injuries by road vehicle","Fracture of vertebral column","male",1995,"inj_trans_road_pedest8"
29.63188,"Pedestrian road injuries by road vehicle","Fracture of foot bone","male",1995,"inj_trans_road_pedest9"
38.2421,"Pedestrian road injuries by road vehicle","Minor traumatic brain injury","male",1995,"inj_trans_road_pedest10"
125.8303,"Pedestrian road injuries by road vehicle","Internal hemorrhage in abdomen or pelvis","male",1995,"inj_trans_road_pedest11"
8.00224,"Pedestrian road injuries by road vehicle","Dislocation of hip","male",1995,"inj_trans_road_pedest12"
26.9475,"Pedestrian road injuries by road vehicle","Dislocation of shoulder","male",1995,"inj_trans_road_pedest13"
8.660273,"Pedestrian road injuries by road vehicle","Poisoning","male",1995,"inj_trans_road_pedest14"
.2204528,"Pedestrian road injuries by road vehicle","Non-fatal submersion","male",1995,"inj_trans_road_pedest15"
9.309077,"Pedestrian road injuries by road vehicle","Crush injury","male",1995,"inj_trans_road_pedest16"
168.8132,"Pedestrian road injuries by road vehicle","Open wound","male",1995,"inj_trans_road_pedest17"
643.1604,"Pedestrian road injuries by road vehicle","Fracture of patella, tibia, fibula, or ankle","male",1995,"inj_trans_road_pedest18"
4.284327,"Pedestrian road injuries by road vehicle","Fracture of face bone","male",1995,"inj_trans_road_pedest19"
53.78871,"Pedestrian road injuries by road vehicle","Spinal cord lesion at neck level","male",1995,"inj_trans_road_pedest20"
29.04434,"Pedestrian road injuries by road vehicle","Other injuries of muscle & tendon and other dislocations","male",1995,"inj_trans_road_pedest21"
.1206617,"Pedestrian road injuries by road vehicle","Amputation of finger (excluding thumb)","male",1995,"inj_trans_road_pedest22"
3.66051,"Pedestrian road injuries by road vehicle","Environmental factors (e.g. temperature, pressure, electricity)","male",1995,"inj_trans_road_pedest23"
348.1777,"Pedestrian road injuries by road vehicle","Fracture of neck of femur","male",1995,"inj_trans_road_pedest24"
2.016114,"Pedestrian road injuries by road vehicle","Dislocation of knee","male",1995,"inj_trans_road_pedest25"
80.75748,"Pedestrian road injuries by road vehicle","Fracture of pelvis","male",1995,"inj_trans_road_pedest26"
15.4684,"Pedestrian road injuries by road vehicle","Injured nerves","male",1995,"inj_trans_road_pedest27"
1.469417,"Pedestrian road injuries by road vehicle","Fracture of sternum or rib(s)","male",1995,"inj_trans_road_pedest28"
10.60487,"Pedestrian road injuries by road vehicle","Fracture of clavicle, scapula, or humerus","male",1995,"inj_trans_road_pedest29"
177.2614,"Pedestrian road injuries by road vehicle","Complications of medical treatment","male",1995,"inj_trans_road_pedest30"
248.5893,"Pedestrian road injuries by road vehicle","Moderate to severe traumatic brain injury","male",1995,"inj_trans_road_pedest31"
10.40385,"Pedestrian road injuries by road vehicle","Burns with >=20% total burned surface area or >=10% if burns include face and/or hands","male",1995,"inj_trans_road_pedest32"
4.776211,"Pedestrian road injuries by road vehicle","Injury to eyes (including foreign body eye)","male",1995,"inj_trans_road_pedest33"
46.78466,"Pedestrian road injuries by road vehicle","Contusion","male",1995,"inj_trans_road_pedest34"
1318.939,"Pedestrian road injuries by road vehicle","Multiple significant injuries","male",1995,"inj_trans_road_pedest35"
.0911397,"Poisonings","Fracture of clavicle, scapula, or humerus","male",1995,"inj_poisoning1"
564.413,"Poisonings","Poisoning","male",1995,"inj_poisoning2"
.4124932,"Poisonings","Fracture of pelvis","male",1995,"inj_poisoning3"
.2606527,"Poisonings","Contusion","male",1995,"inj_poisoning4"
.0513677,"Poisonings","Non-fatal submersion","male",1995,"inj_poisoning5"
2.065524,"Poisonings","Multiple significant injuries","male",1995,"inj_poisoning6"
.1835406,"Poisonings","Fracture of skull","male",1995,"inj_poisoning7"
6.400564,"Poisonings","Complications of medical treatment","male",1995,"inj_poisoning8"
3.59843,"Poisonings","Fracture of patella, tibia, fibula, or ankle","male",1995,"inj_poisoning9"
.2190416,"Poisonings","Fracture of hand bone","male",1995,"inj_poisoning10"
.1045796,"Poisonings","Injury to eyes (including foreign body eye)","male",1995,"inj_poisoning11"
.9536347,"Poisonings","Open wound","male",1995,"inj_poisoning12"
.6675508,"Poisonings","Fracture of femur, other than femoral neck","male",1995,"inj_poisoning13"
3.248954,"Poisonings","Dislocation of shoulder","male",1995,"inj_poisoning14"
.0545522,"Poisonings","Dislocation of knee","male",1995,"inj_poisoning15"
.4898468,"Poisonings","Other injuries of muscle & tendon and other dislocations","male",1995,"inj_poisoning16"
1.489747,"Poisonings","Moderate to severe traumatic brain injury","male",1995,"inj_poisoning17"
.3687177,"Poisonings","Spinal cord lesion below neck level","male",1995,"inj_poisoning18"
.1575428,"Poisonings","Injured nerves","male",1995,"inj_poisoning19"
.6364985,"Poisonings","Minor traumatic brain injury","male",1995,"inj_poisoning20"
.3728022,"Poisonings","Fracture of vertebral column","male",1995,"inj_poisoning21"
.1486327,"Poisonings","Fracture of radius or ulna","male",1995,"inj_poisoning22"
.5950274,"Poisonings","Spinal cord lesion at neck level","male",1995,"inj_poisoning23"
2.993805,"Poisonings","Internal hemorrhage in abdomen or pelvis","male",1995,"inj_poisoning24"
.0219748,"Poisonings","Crush injury","male",1995,"inj_poisoning25"
1.199431,"Poisonings","Burns with >=20% total burned surface area or >=10% if burns include face and/or hands","male",1995,"inj_poisoning26"
2.676321,"Poisonings","Fracture of neck of femur","male",1995,"inj_poisoning27"
.0566038,"Poisonings","Fracture of face bone","male",1995,"inj_poisoning28"
3.599011,"Poisonings","Burns with <20% total burned surface area","male",1995,"inj_poisoning29"
.3084873,"Poisonings","Fracture of foot bone","male",1995,"inj_poisoning30"
.9161471,"Poisonings","Environmental factors (e.g. temperature, pressure, electricity)","male",1995,"inj_poisoning31"
.0315944,"Poisonings","Dislocation of hip","male",1995,"inj_poisoning32"
.0297833,"Poisonings","Fracture of sternum or rib(s)","male",1995,"inj_poisoning33"
.0613851,"Poisonings","Severe chest Injury","male",1995,"inj_poisoning34"
1.075196,"Pulmonary aspiration and foreign body in airway","Internal hemorrhage in abdomen or pelvis","male",1995,"inj_foreign_aspiration1"
.0169835,"Pulmonary aspiration and foreign body in airway","Fracture of sternum or rib(s)","male",1995,"inj_foreign_aspiration2"
5.369238,"Pulmonary aspiration and foreign body in airway","Multiple significant injuries","male",1995,"inj_foreign_aspiration3"
.6683682,"Pulmonary aspiration and foreign body in airway","Fracture of vertebral column","male",1995,"inj_foreign_aspiration4"
.0513684,"Pulmonary aspiration and foreign body in airway","Dislocation of hip","male",1995,"inj_foreign_aspiration5"
.1167489,"Pulmonary aspiration and foreign body in airway","Injury to eyes (including foreign body eye)","male",1995,"inj_foreign_aspiration6"
.2754999,"Pulmonary aspiration and foreign body in airway","Environmental factors (e.g. temperature, pressure, electricity)","male",1995,"inj_foreign_aspiration7"
.3697501,"Pulmonary aspiration and foreign body in airway","Minor traumatic brain injury","male",1995,"inj_foreign_aspiration8"
14.15612,"Pulmonary aspiration and foreign body in airway","Fracture of neck of femur","male",1995,"inj_foreign_aspiration9"
.7666065,"Pulmonary aspiration and foreign body in airway","Moderate to severe traumatic brain injury","male",1995,"inj_foreign_aspiration10"
.23857,"Pulmonary aspiration and foreign body in airway","Fracture of radius or ulna","male",1995,"inj_foreign_aspiration11"
1.763592,"Pulmonary aspiration and foreign body in airway","Spinal cord lesion below neck level","male",1995,"inj_foreign_aspiration12"
.3505916,"Pulmonary aspiration and foreign body in airway","Non-fatal submersion","male",1995,"inj_foreign_aspiration13"
5.920383,"Pulmonary aspiration and foreign body in airway","Complications of medical treatment","male",1995,"inj_foreign_aspiration14"
.4424648,"Pulmonary aspiration and foreign body in airway","Open wound","male",1995,"inj_foreign_aspiration15"
.0914417,"Pulmonary aspiration and foreign body in airway","Fracture of face bone","male",1995,"inj_foreign_aspiration16"
.1623308,"Pulmonary aspiration and foreign body in airway","Dislocation of knee","male",1995,"inj_foreign_aspiration17"
2.715993,"Pulmonary aspiration and foreign body in airway","Fracture of patella, tibia, fibula, or ankle","male",1995,"inj_foreign_aspiration18"
.5262514,"Pulmonary aspiration and foreign body in airway","Fracture of pelvis","male",1995,"inj_foreign_aspiration19"
.1345725,"Pulmonary aspiration and foreign body in airway","Crush injury","male",1995,"inj_foreign_aspiration20"
.1075664,"Pulmonary aspiration and foreign body in airway","Contusion","male",1995,"inj_foreign_aspiration21"
.7877983,"Pulmonary aspiration and foreign body in airway","Fracture of foot bone","male",1995,"inj_foreign_aspiration22"
4.117209,"Pulmonary aspiration and foreign body in airway","Spinal cord lesion at neck level","male",1995,"inj_foreign_aspiration23"
1.541892,"Pulmonary aspiration and foreign body in airway","Other injuries of muscle & tendon and other dislocations","male",1995,"inj_foreign_aspiration24"
.2816023,"Pulmonary aspiration and foreign body in airway","Burns with <20% total burned surface area","male",1995,"inj_foreign_aspiration25"
5.060578,"Pulmonary aspiration and foreign body in airway","Dislocation of shoulder","male",1995,"inj_foreign_aspiration26"
.1589667,"Pulmonary aspiration and foreign body in airway","Fracture of clavicle, scapula, or humerus","male",1995,"inj_foreign_aspiration27"
.4065261,"Pulmonary aspiration and foreign body in airway","Burns with >=20% total burned surface area or >=10% if burns include face and/or hands","male",1995,"inj_foreign_aspiration28"
.3288106,"Pulmonary aspiration and foreign body in airway","Injured nerves","male",1995,"inj_foreign_aspiration29"
6.976264,"Pulmonary aspiration and foreign body in airway","Poisoning","male",1995,"inj_foreign_aspiration30"
.1051567,"Pulmonary aspiration and foreign body in airway","Fracture of skull","male",1995,"inj_foreign_aspiration31"
1.220056,"Pulmonary aspiration and foreign body in airway","Fracture of femur, other than femoral neck","male",1995,"inj_foreign_aspiration32"
.2428585,"Pulmonary aspiration and foreign body in airway","Severe chest Injury","male",1995,"inj_foreign_aspiration33"
.3372458,"Pulmonary aspiration and foreign body in airway","Fracture of hand bone","male",1995,"inj_foreign_aspiration34"
.2082987,"Self-harm","Fracture of face bone","male",1995,"inj_suicide1"
5.683345,"Self-harm","Burns with >=20% total burned surface area or >=10% if burns include face and/or hands","male",1995,"inj_suicide2"
1.932094,"Self-harm","Burns with <20% total burned surface area","male",1995,"inj_suicide3"
.2151389,"Self-harm","Fracture of clavicle, scapula, or humerus","male",1995,"inj_suicide4"
5.379134,"Self-harm","Spinal cord lesion at neck level","male",1995,"inj_suicide5"
4.425025,"Self-harm","Spinal cord lesion below neck level","male",1995,"inj_suicide6"
.6098846,"Self-harm","Severe chest Injury","male",1995,"inj_suicide7"
4.942142,"Self-harm","Injured nerves","male",1995,"inj_suicide8"
2.092505,"Self-harm","Dislocation of shoulder","male",1995,"inj_suicide9"
.4497314,"Self-harm","Fracture of radius or ulna","male",1995,"inj_suicide10"
1.187816,"Self-harm","Fracture of pelvis","male",1995,"inj_suicide11"
1.891887,"Self-harm","Fracture of foot bone","male",1995,"inj_suicide12"
.7904043,"Self-harm","Crush injury","male",1995,"inj_suicide13"
10.52757,"Self-harm","Fracture of patella, tibia, fibula, or ankle","male",1995,"inj_suicide14"
16.29816,"Self-harm","Complications of medical treatment","male",1995,"inj_suicide15"
2.168024,"Self-harm","Environmental factors (e.g. temperature, pressure, electricity)","male",1995,"inj_suicide16"
2.468796,"Self-harm","Fracture of femur, other than femoral neck","male",1995,"inj_suicide17"
23.49192,"Self-harm","Open wound","male",1995,"inj_suicide18"
1.241609,"Self-harm","Contusion","male",1995,"inj_suicide19"
.0981358,"Self-harm","Amputation of finger (excluding thumb)","male",1995,"inj_suicide20"
.0236022,"Self-harm","Dislocation of knee","male",1995,"inj_suicide21"
.3457443,"Self-harm","Injury to eyes (including foreign body eye)","male",1995,"inj_suicide22"
137.8262,"Self-harm","Poisoning","male",1995,"inj_suicide23"
1.185812,"Self-harm","Fracture of skull","male",1995,"inj_suicide24"
6.966611,"Self-harm","Moderate to severe traumatic brain injury","male",1995,"inj_suicide25"
3.737613,"Self-harm","Other injuries of muscle & tendon and other dislocations","male",1995,"inj_suicide26"
.0993534,"Self-harm","Dislocation of hip","male",1995,"inj_suicide27"
2.894986,"Self-harm","Fracture of hand bone","male",1995,"inj_suicide28"
.1322555,"Self-harm","Non-fatal submersion","male",1995,"inj_suicide29"
.0284323,"Self-harm","Fracture of sternum or rib(s)","male",1995,"inj_suicide30"
15.62451,"Self-harm","Multiple significant injuries","male",1995,"inj_suicide31"
1.205783,"Self-harm","Minor traumatic brain injury","male",1995,"inj_suicide32"
7.82402,"Self-harm","Internal hemorrhage in abdomen or pelvis","male",1995,"inj_suicide33"
5.356285,"Self-harm","Fracture of neck of femur","male",1995,"inj_suicide34"
2.400076,"Self-harm","Fracture of vertebral column","male",1995,"inj_suicide35"
10.70412,"Unintentional firearm injuries","Fracture of vertebral column","male",1995,"inj_mech_gun1"
.7145364,"Unintentional firearm injuries","Minor traumatic brain injury","male",1995,"inj_mech_gun2"
26.92941,"Unintentional firearm injuries","Fracture of patella, tibia, fibula, or ankle","male",1995,"inj_mech_gun3"
2.887071,"Unintentional firearm injuries","Fracture of foot bone","male",1995,"inj_mech_gun4"
.3053896,"Unintentional firearm injuries","Fracture of face bone","male",1995,"inj_mech_gun5"
4.894502,"Unintentional firearm injuries","Dislocation of shoulder","male",1995,"inj_mech_gun6"
4.433348,"Unintentional firearm injuries","Fracture of pelvis","male",1995,"inj_mech_gun7"
1.214072,"Unintentional firearm injuries","Other injuries of muscle & tendon and other dislocations","male",1995,"inj_mech_gun8"
53.71662,"Unintentional firearm injuries","Open wound","male",1995,"inj_mech_gun9"
1.994716,"Unintentional firearm injuries","Fracture of skull","male",1995,"inj_mech_gun10"
18.00062,"Unintentional firearm injuries","Fracture of hand bone","male",1995,"inj_mech_gun11"
19.93091,"Unintentional firearm injuries","Complications of medical treatment","male",1995,"inj_mech_gun12"
.1291252,"Unintentional firearm injuries","Dislocation of knee","male",1995,"inj_mech_gun13"
2.602506,"Unintentional firearm injuries","Injury to eyes (including foreign body eye)","male",1995,"inj_mech_gun14"
.0043295,"Unintentional firearm injuries","Non-fatal submersion","male",1995,"inj_mech_gun15"
1.616152,"Unintentional firearm injuries","Severe chest Injury","male",1995,"inj_mech_gun16"
2.543775,"Unintentional firearm injuries","Contusion","male",1995,"inj_mech_gun17"
.5229721,"Unintentional firearm injuries","Burns with >=20% total burned surface area or >=10% if burns include face and/or hands","male",1995,"inj_mech_gun18"
27.14743,"Unintentional firearm injuries","Fracture of neck of femur","male",1995,"inj_mech_gun19"
.1704785,"Unintentional firearm injuries","Fracture of sternum or rib(s)","male",1995,"inj_mech_gun20"
.9707923,"Unintentional firearm injuries","Amputation of finger (excluding thumb)","male",1995,"inj_mech_gun21"
.8650239,"Unintentional firearm injuries","Burns with <20% total burned surface area","male",1995,"inj_mech_gun22"
.5237402,"Unintentional firearm injuries","Fracture of clavicle, scapula, or humerus","male",1995,"inj_mech_gun23"
2.565091,"Unintentional firearm injuries","Injured nerves","male",1995,"inj_mech_gun24"
9.548388,"Unintentional firearm injuries","Spinal cord lesion below neck level","male",1995,"inj_mech_gun25"
15.72123,"Unintentional firearm injuries","Internal hemorrhage in abdomen or pelvis","male",1995,"inj_mech_gun26"
4.995715,"Unintentional firearm injuries","Moderate to severe traumatic brain injury","male",1995,"inj_mech_gun27"
2.265569,"Unintentional firearm injuries","Fracture of radius or ulna","male",1995,"inj_mech_gun28"
10.62217,"Unintentional firearm injuries","Fracture of femur, other than femoral neck","male",1995,"inj_mech_gun29"
.2044019,"Unintentional firearm injuries","Environmental factors (e.g. temperature, pressure, electricity)","male",1995,"inj_mech_gun30"
.2855708,"Unintentional firearm injuries","Crush injury","male",1995,"inj_mech_gun31"
10.67041,"Unintentional firearm injuries","Multiple significant injuries","male",1995,"inj_mech_gun32"
3.689327,"Unintentional firearm injuries","Poisoning","male",1995,"inj_mech_gun33"
.104336,"Unintentional firearm injuries","Dislocation of hip","male",1995,"inj_mech_gun34"
18.11541,"Unintentional firearm injuries","Spinal cord lesion at neck level","male",1995,"inj_mech_gun35"
37.41655,"Unintentional suffocation","Open wound","male",1995,"inj_mech_suffocate1"
6.514622,"Unintentional suffocation","Spinal cord lesion at neck level","male",1995,"inj_mech_suffocate2"
4.072872,"Unintentional suffocation","Fracture of vertebral column","male",1995,"inj_mech_suffocate3"
.0094074,"Unintentional suffocation","Fracture of face bone","male",1995,"inj_mech_suffocate4"
.5006829,"Unintentional suffocation","Dislocation of hip","male",1995,"inj_mech_suffocate5"
.6950596,"Unintentional suffocation","Fracture of femur, other than femoral neck","male",1995,"inj_mech_suffocate6"
4.268322,"Unintentional suffocation","Poisoning","male",1995,"inj_mech_suffocate7"
8.474928,"Unintentional suffocation","Fracture of patella, tibia, fibula, or ankle","male",1995,"inj_mech_suffocate8"
.1611801,"Unintentional suffocation","Minor traumatic brain injury","male",1995,"inj_mech_suffocate9"
2.942439,"Unintentional suffocation","Internal hemorrhage in abdomen or pelvis","male",1995,"inj_mech_suffocate10"
2.336787,"Unintentional suffocation","Fracture of radius or ulna","male",1995,"inj_mech_suffocate11"
.3957928,"Unintentional suffocation","Environmental factors (e.g. temperature, pressure, electricity)","male",1995,"inj_mech_suffocate12"
10.20837,"Unintentional suffocation","Fracture of hand bone","male",1995,"inj_mech_suffocate13"
1.42335,"Unintentional suffocation","Complications of medical treatment","male",1995,"inj_mech_suffocate14"
.0954876,"Unintentional suffocation","Crush injury","male",1995,"inj_mech_suffocate15"
.0546905,"Unintentional suffocation","Fracture of sternum or rib(s)","male",1995,"inj_mech_suffocate16"
.1339035,"Unintentional suffocation","Non-fatal submersion","male",1995,"inj_mech_suffocate17"
1.30708,"Unintentional suffocation","Moderate to severe traumatic brain injury","male",1995,"inj_mech_suffocate18"
9.704247,"Unintentional suffocation","Fracture of neck of femur","male",1995,"inj_mech_suffocate19"
.0005316,"Unintentional suffocation","Multiple significant injuries","male",1995,"inj_mech_suffocate20"
.4626509,"Unintentional suffocation","Amputation of finger (excluding thumb)","male",1995,"inj_mech_suffocate21"
.0855483,"Unintentional suffocation","Burns with <20% total burned surface area","male",1995,"inj_mech_suffocate22"
.7414117,"Unintentional suffocation","Dislocation of shoulder","male",1995,"inj_mech_suffocate23"
1.116889,"Unintentional suffocation","Contusion","male",1995,"inj_mech_suffocate24"
.1898292,"Unintentional suffocation","Other injuries of muscle & tendon and other dislocations","male",1995,"inj_mech_suffocate25"
.558126,"Unintentional suffocation","Fracture of pelvis","male",1995,"inj_mech_suffocate26"
.0005958,"Unintentional suffocation","Dislocation of knee","male",1995,"inj_mech_suffocate27"
.0170043,"Unintentional suffocation","Fracture of clavicle, scapula, or humerus","male",1995,"inj_mech_suffocate28"
1.298241,"Unintentional suffocation","Fracture of skull","male",1995,"inj_mech_suffocate29"
.1651848,"Unintentional suffocation","Fracture of foot bone","male",1995,"inj_mech_suffocate30"
.1761719,"Unintentional suffocation","Injured nerves","male",1995,"inj_mech_suffocate31"
8.767148,"Unintentional suffocation","Spinal cord lesion below neck level","male",1995,"inj_mech_suffocate32"
.2446038,"Unintentional suffocation","Severe chest Injury","male",1995,"inj_mech_suffocate33"
2.120418,"Venomous animal contact","Injured nerves","male",1995,"inj_animal_venom1"
.0193968,"Venomous animal contact","Fracture of sternum or rib(s)","male",1995,"inj_animal_venom2"
14.00168,"Venomous animal contact","Moderate to severe traumatic brain injury","male",1995,"inj_animal_venom3"
.822805,"Venomous animal contact","Dislocation of hip","male",1995,"inj_animal_venom4"
.6318185,"Venomous animal contact","Fracture of face bone","male",1995,"inj_animal_venom5"
.2885265,"Venomous animal contact","Non-fatal submersion","male",1995,"inj_animal_venom6"
25.93621,"Venomous animal contact","Dislocation of shoulder","male",1995,"inj_animal_venom7"
1.923939,"Venomous animal contact","Fracture of skull","male",1995,"inj_animal_venom8"
6.248909,"Venomous animal contact","Fracture of pelvis","male",1995,"inj_animal_venom9"
.464012,"Venomous animal contact","Dislocation of knee","male",1995,"inj_animal_venom10"
6.66501,"Venomous animal contact","Spinal cord lesion below neck level","male",1995,"inj_animal_venom11"
7.245367,"Venomous animal contact","Burns with >=20% total burned surface area or >=10% if burns include face and/or hands","male",1995,"inj_animal_venom12"
1.725574,"Venomous animal contact","Fracture of vertebral column","male",1995,"inj_animal_venom13"
1.546455,"Venomous animal contact","Crush injury","male",1995,"inj_animal_venom14"
5.178011,"Venomous animal contact","Spinal cord lesion at neck level","male",1995,"inj_animal_venom15"
2.486238,"Venomous animal contact","Fracture of radius or ulna","male",1995,"inj_animal_venom16"
70.16107,"Venomous animal contact","Complications of medical treatment","male",1995,"inj_animal_venom17"
3.480365,"Venomous animal contact","Minor traumatic brain injury","male",1995,"inj_animal_venom18"
93.35816,"Venomous animal contact","Multiple significant injuries","male",1995,"inj_animal_venom19"
5.609248,"Venomous animal contact","Fracture of foot bone","male",1995,"inj_animal_venom20"
4.002769,"Venomous animal contact","Environmental factors (e.g. temperature, pressure, electricity)","male",1995,"inj_animal_venom21"
4.852747,"Venomous animal contact","Burns with <20% total burned surface area","male",1995,"inj_animal_venom22"
.932259,"Venomous animal contact","Severe chest Injury","male",1995,"inj_animal_venom23"
7.242692,"Venomous animal contact","Other injuries of muscle & tendon and other dislocations","male",1995,"inj_animal_venom24"
1.245398,"Venomous animal contact","Contusion","male",1995,"inj_animal_venom25"
64.15112,"Venomous animal contact","Internal hemorrhage in abdomen or pelvis","male",1995,"inj_animal_venom26"
8.18292,"Venomous animal contact","Fracture of femur, other than femoral neck","male",1995,"inj_animal_venom27"
17.66952,"Venomous animal contact","Fracture of neck of femur","male",1995,"inj_animal_venom28"
98.23357,"Venomous animal contact","Open wound","male",1995,"inj_animal_venom29"
39.46849,"Venomous animal contact","Fracture of patella, tibia, fibula, or ankle","male",1995,"inj_animal_venom30"
1.74687,"Venomous animal contact","Fracture of clavicle, scapula, or humerus","male",1995,"inj_animal_venom31"
9.13997,"Venomous animal contact","Fracture of hand bone","male",1995,"inj_animal_venom32"
2041.722,"Venomous animal contact","Poisoning","male",1995,"inj_animal_venom33"
1.372827,"Venomous animal contact","Injury to eyes (including foreign body eye)","male",1995,"inj_animal_venom34"
