source,target,value
"inj_mech_suffocate","Amputation of both lower limbs",.847
"inj_homicide_knife","Amputation of both lower limbs",3.185
"inj_mech_other","Amputation of both lower limbs",89.83099
"inj_trans_road_pedest","Amputation of both lower limbs",1803.207
"inj_trans_road_pedal","Amputation of both lower limbs",24.36
"inj_homicide_other","Amputation of both lower limbs",4.774
"inj_trans_road_2wheel","Amputation of both lower limbs",138.789
"inj_othunintent","Amputation of both lower limbs",90.412
"inj_animal_nonven","Amputation of both lower limbs",7.035
"inj_fires","Amputation of both lower limbs",47.271
"inj_falls","Amputation of both lower limbs",93.296
"inj_suicide","Amputation of both lower limbs",25.095
"inj_mech_gun","Amputation of both lower limbs",.847
"inj_trans_road_other","Amputation of both lower limbs",60.508
"inj_drowning","Amputation of both lower limbs",38.003
"inj_trans_road_4wheel","Amputation of both lower limbs",349.209
"inj_trans_other","Amputation of both lower limbs",7732.242
"inj_homicide_gun","Amputation of both lower limbs",.126
"inj_animal_venom","Amputation of both lower limbs",.6391
"inj_trans_road_pedal","Lower airway burns",155.393
"inj_foreign_eye","Lower airway burns",9.261001
"inj_mech_suffocate","Lower airway burns",.0903
"inj_falls","Lower airway burns",1310.12
"inj_trans_road_2wheel","Lower airway burns",126.903
"inj_poisoning","Lower airway burns",947.198
"inj_homicide_gun","Lower airway burns",5.537
"inj_trans_other","Lower airway burns",781.907
"inj_fires","Lower airway burns",18133.86
"inj_animal_nonven","Lower airway burns",9.618
"inj_mech_other","Lower airway burns",224.091
"inj_suicide","Lower airway burns",95.928
"inj_animal_venom","Lower airway burns",14.861
"inj_drowning","Lower airway burns",36.386
"inj_foreign_other","Lower airway burns",551.53
"inj_foreign_aspiration","Lower airway burns",105.448
"inj_homicide_other","Lower airway burns",103.796
"inj_trans_road_other","Lower airway burns",.3591
"inj_mech_gun","Lower airway burns",37.331
"inj_trans_road_pedest","Lower airway burns",289.058
"inj_trans_road_4wheel","Lower airway burns",226.66
"inj_othunintent","Lower airway burns",856.737
"inj_homicide_knife","Lower airway burns",6.167
"inj_mech_suffocate","Dislocation of hip",3802.645
"inj_trans_other","Dislocation of hip",18636.62
"inj_foreign_aspiration","Dislocation of hip",430.668
"inj_drowning","Dislocation of hip",3065.237
"inj_othunintent","Dislocation of hip",174059.9
"inj_trans_road_4wheel","Dislocation of hip",133099.4
"inj_suicide","Dislocation of hip",365.33
"inj_fires","Dislocation of hip",7973.189
"inj_trans_road_2wheel","Dislocation of hip",22903.05
"inj_animal_venom","Dislocation of hip",438.27
"inj_homicide_knife","Dislocation of hip",398.258
"inj_mech_gun","Dislocation of hip",406.336
"inj_animal_nonven","Dislocation of hip",2661.001
"inj_homicide_gun","Dislocation of hip",146.734
"inj_homicide_other","Dislocation of hip",1083.131
"inj_falls","Dislocation of hip",198433.3
"inj_trans_road_pedest","Dislocation of hip",46650.61
"inj_foreign_eye","Dislocation of hip",25.942
"inj_trans_road_pedal","Dislocation of hip",13790.95
"inj_mech_other","Dislocation of hip",8100.449
"inj_foreign_other","Dislocation of hip",378.042
"inj_poisoning","Dislocation of hip",286.461
"inj_trans_road_other","Dislocation of hip",2502.402
"inj_trans_road_pedest","Dislocation of knee",23157.74
"inj_foreign_aspiration","Dislocation of knee",6933.794
"inj_othunintent","Dislocation of knee",31578.46
"inj_trans_road_pedal","Dislocation of knee",12429.74
"inj_suicide","Dislocation of knee",345.072
"inj_trans_road_other","Dislocation of knee",1591.38
"inj_trans_other","Dislocation of knee",136928.3
"inj_fires","Dislocation of knee",6192.788
"inj_mech_gun","Dislocation of knee",1022.63
"inj_animal_nonven","Dislocation of knee",17003.18
"inj_homicide_gun","Dislocation of knee",191.779
"inj_mech_suffocate","Dislocation of knee",2.142
"inj_poisoning","Dislocation of knee",2839.088
"inj_drowning","Dislocation of knee",5236.644
"inj_foreign_other","Dislocation of knee",226.415
"inj_homicide_other","Dislocation of knee",849.142
"inj_trans_road_4wheel","Dislocation of knee",19390.49
"inj_homicide_knife","Dislocation of knee",333.746
"inj_foreign_eye","Dislocation of knee",705.614
"inj_trans_road_2wheel","Dislocation of knee",16680.58
"inj_mech_other","Dislocation of knee",4553.521
"inj_animal_venom","Dislocation of knee",1219.442
"inj_falls","Dislocation of knee",91045.56
"inj_mech_suffocate","Dislocation of shoulder",14692.86
"inj_foreign_other","Dislocation of shoulder",180.404
"inj_foreign_aspiration","Dislocation of shoulder",6594.917
"inj_falls","Dislocation of shoulder",864969.1
"inj_trans_road_4wheel","Dislocation of shoulder",61473.2
"inj_othunintent","Dislocation of shoulder",2068601
"inj_trans_road_2wheel","Dislocation of shoulder",98063.49
"inj_trans_road_pedal","Dislocation of shoulder",132607.9
"inj_homicide_knife","Dislocation of shoulder",655.851
"inj_homicide_gun","Dislocation of shoulder",55.321
"inj_suicide","Dislocation of shoulder",900.851
"inj_poisoning","Dislocation of shoulder",5154.807
"inj_drowning","Dislocation of shoulder",5507.369
"inj_trans_other","Dislocation of shoulder",130755.4
"inj_trans_road_other","Dislocation of shoulder",6086.675
"inj_homicide_other","Dislocation of shoulder",10238.83
"inj_foreign_eye","Dislocation of shoulder",28.973
"inj_animal_venom","Dislocation of shoulder",1016.372
"inj_fires","Dislocation of shoulder",14721.41
"inj_trans_road_pedest","Dislocation of shoulder",104522.7
"inj_mech_gun","Dislocation of shoulder",4235.805
"inj_mech_other","Dislocation of shoulder",38785.89
"inj_animal_nonven","Dislocation of shoulder",2417.198
"inj_foreign_aspiration","Other injuries of muscle & tendon and other dislocations",53161.08
"inj_trans_road_4wheel","Other injuries of muscle & tendon and other dislocations",1.84e+07
"inj_fires","Other injuries of muscle & tendon and other dislocations",3.45e+07
"inj_homicide_gun","Other injuries of muscle & tendon and other dislocations",35906.42
"inj_othunintent","Other injuries of muscle & tendon and other dislocations",7.20e+07
"inj_homicide_other","Other injuries of muscle & tendon and other dislocations",1160947
"inj_mech_gun","Other injuries of muscle & tendon and other dislocations",1325560
"inj_mech_other","Other injuries of muscle & tendon and other dislocations",7.54e+07
"inj_homicide_knife","Other injuries of muscle & tendon and other dislocations",470305.3
"inj_trans_road_pedal","Other injuries of muscle & tendon and other dislocations",2788553
"inj_animal_venom","Other injuries of muscle & tendon and other dislocations",268751.3
"inj_mech_suffocate","Other injuries of muscle & tendon and other dislocations",1313841
"inj_foreign_eye","Other injuries of muscle & tendon and other dislocations",4614.148
"inj_poisoning","Other injuries of muscle & tendon and other dislocations",15088.14
"inj_trans_road_other","Other injuries of muscle & tendon and other dislocations",248038.8
"inj_foreign_other","Other injuries of muscle & tendon and other dislocations",1136620
"inj_trans_other","Other injuries of muscle & tendon and other dislocations",1731328
"inj_trans_road_2wheel","Other injuries of muscle & tendon and other dislocations",1477753
"inj_trans_road_pedest","Other injuries of muscle & tendon and other dislocations",845823.3
"inj_falls","Other injuries of muscle & tendon and other dislocations",2.02e+07
"inj_animal_nonven","Other injuries of muscle & tendon and other dislocations",8249024
"inj_drowning","Other injuries of muscle & tendon and other dislocations",61547.18
"inj_suicide","Other injuries of muscle & tendon and other dislocations",178409.6
"inj_trans_road_other","Fracture of clavicle, scapula, or humerus",270243.6
"inj_trans_other","Fracture of clavicle, scapula, or humerus",529879.8
"inj_foreign_other","Fracture of clavicle, scapula, or humerus",4449.06
"inj_homicide_other","Fracture of clavicle, scapula, or humerus",147204.5
"inj_foreign_aspiration","Fracture of clavicle, scapula, or humerus",6136.326
"inj_homicide_knife","Fracture of clavicle, scapula, or humerus",21707.77
"inj_mech_gun","Fracture of clavicle, scapula, or humerus",48317.04
"inj_fires","Fracture of clavicle, scapula, or humerus",72505.38
"inj_mech_suffocate","Fracture of clavicle, scapula, or humerus",126695.9
"inj_trans_road_pedest","Fracture of clavicle, scapula, or humerus",1012270
"inj_foreign_eye","Fracture of clavicle, scapula, or humerus",129.731
"inj_falls","Fracture of clavicle, scapula, or humerus",6011941
"inj_drowning","Fracture of clavicle, scapula, or humerus",45393.45
"inj_trans_road_pedal","Fracture of clavicle, scapula, or humerus",1730637
"inj_trans_road_4wheel","Fracture of clavicle, scapula, or humerus",2664589
"inj_animal_venom","Fracture of clavicle, scapula, or humerus",4817.484
"inj_othunintent","Fracture of clavicle, scapula, or humerus",5930076
"inj_mech_other","Fracture of clavicle, scapula, or humerus",977550.8
"inj_suicide","Fracture of clavicle, scapula, or humerus",3889.788
"inj_homicide_gun","Fracture of clavicle, scapula, or humerus",8893.885
"inj_animal_nonven","Fracture of clavicle, scapula, or humerus",26622.98
"inj_trans_road_2wheel","Fracture of clavicle, scapula, or humerus",840099.4
"inj_poisoning","Fracture of clavicle, scapula, or humerus",9381.568
"inj_falls","Fracture of face bone",706173.3
"inj_homicide_gun","Fracture of face bone",13420.42
"inj_trans_road_other","Fracture of face bone",11735.26
"inj_trans_road_pedal","Fracture of face bone",375139.7
"inj_trans_road_4wheel","Fracture of face bone",405456
"inj_animal_venom","Fracture of face bone",3474.135
"inj_drowning","Fracture of face bone",6070.036
"inj_fires","Fracture of face bone",26977.59
"inj_trans_road_pedest","Fracture of face bone",186252.1
"inj_foreign_other","Fracture of face bone",3974.306
"inj_foreign_eye","Fracture of face bone",207.655
"inj_trans_other","Fracture of face bone",225157.3
"inj_homicide_other","Fracture of face bone",105808.1
"inj_mech_other","Fracture of face bone",280060.6
"inj_mech_suffocate","Fracture of face bone",13897.23
"inj_homicide_knife","Fracture of face bone",4552.492
"inj_foreign_aspiration","Fracture of face bone",4587.653
"inj_suicide","Fracture of face bone",1740.844
"inj_othunintent","Fracture of face bone",865297.9
"inj_animal_nonven","Fracture of face bone",7557.312
"inj_poisoning","Fracture of face bone",3091.081
"inj_trans_road_2wheel","Fracture of face bone",363641.6
"inj_mech_gun","Fracture of face bone",22840.31
"inj_trans_other","Fracture of foot bone",178271.9
"inj_animal_venom","Fracture of foot bone",3408.188
"inj_animal_nonven","Fracture of foot bone",8370.565
"inj_drowning","Fracture of foot bone",13394.4
"inj_foreign_other","Fracture of foot bone",3308.41
"inj_mech_suffocate","Fracture of foot bone",34799.86
"inj_othunintent","Fracture of foot bone",1761860
"inj_poisoning","Fracture of foot bone",2808.435
"inj_falls","Fracture of foot bone",1297286
"inj_mech_gun","Fracture of foot bone",42852.5
"inj_trans_road_pedest","Fracture of foot bone",616689.4
"inj_trans_road_other","Fracture of foot bone",20272.66
"inj_foreign_aspiration","Fracture of foot bone",6294.568
"inj_suicide","Fracture of foot bone",2648.492
"inj_homicide_other","Fracture of foot bone",9974.818
"inj_mech_other","Fracture of foot bone",1462732
"inj_fires","Fracture of foot bone",29844.75
"inj_foreign_eye","Fracture of foot bone",414.953
"inj_trans_road_2wheel","Fracture of foot bone",254907.6
"inj_trans_road_4wheel","Fracture of foot bone",839773.3
"inj_homicide_gun","Fracture of foot bone",7171.752
"inj_homicide_knife","Fracture of foot bone",1226.75
"inj_trans_road_pedal","Fracture of foot bone",398828.2
"inj_trans_road_pedest","Fracture of hand bone",282286.6
"inj_foreign_other","Fracture of hand bone",30066.78
"inj_animal_venom","Fracture of hand bone",8924.77
"inj_trans_other","Fracture of hand bone",405380.4
"inj_othunintent","Fracture of hand bone",2169437
"inj_mech_other","Fracture of hand bone",2816702
"inj_trans_road_2wheel","Fracture of hand bone",259570.7
"inj_trans_road_pedal","Fracture of hand bone",505426.5
"inj_homicide_gun","Fracture of hand bone",9372.391
"inj_animal_nonven","Fracture of hand bone",20500.19
"inj_trans_road_4wheel","Fracture of hand bone",867677.3
"inj_foreign_eye","Fracture of hand bone",933.24
"inj_falls","Fracture of hand bone",2026436
"inj_poisoning","Fracture of hand bone",2161.271
"inj_mech_gun","Fracture of hand bone",81028.78
"inj_foreign_aspiration","Fracture of hand bone",8396.402
"inj_homicide_other","Fracture of hand bone",65979.97
"inj_mech_suffocate","Fracture of hand bone",107424.4
"inj_homicide_knife","Fracture of hand bone",9588.69
"inj_trans_road_other","Fracture of hand bone",36025.57
"inj_drowning","Fracture of hand bone",8676.626
"inj_fires","Fracture of hand bone",58641.8
"inj_suicide","Fracture of hand bone",6234.424
"inj_trans_road_4wheel","Fracture of neck of femur",1487543
"inj_animal_nonven","Fracture of neck of femur",23000.83
"inj_homicide_gun","Fracture of neck of femur",752.913
"inj_mech_other","Fracture of neck of femur",165890.2
"inj_trans_road_pedal","Fracture of neck of femur",492349
"inj_mech_gun","Fracture of neck of femur",18241.73
"inj_foreign_other","Fracture of neck of femur",44517.11
"inj_suicide","Fracture of neck of femur",9118.676
"inj_trans_road_pedest","Fracture of neck of femur",762552
"inj_trans_road_2wheel","Fracture of neck of femur",99319.01
"inj_mech_suffocate","Fracture of neck of femur",46188.44
"inj_foreign_eye","Fracture of neck of femur",778.75
"inj_homicide_knife","Fracture of neck of femur",3605.084
"inj_fires","Fracture of neck of femur",114873.7
"inj_animal_venom","Fracture of neck of femur",4566.884
"inj_othunintent","Fracture of neck of femur",1117063
"inj_trans_road_other","Fracture of neck of femur",74336.01
"inj_drowning","Fracture of neck of femur",44727.54
"inj_falls","Fracture of neck of femur",1.65e+07
"inj_homicide_other","Fracture of neck of femur",48631.12
"inj_trans_other","Fracture of neck of femur",1665728
"inj_poisoning","Fracture of neck of femur",3424.4
"inj_foreign_aspiration","Fracture of neck of femur",33025.72
"inj_trans_road_2wheel","Amputation of both upper limbs",1146.894
"inj_suicide","Amputation of both upper limbs",4443.698
"inj_mech_other","Amputation of both upper limbs",14585.49
"inj_trans_road_other","Amputation of both upper limbs",109.473
"inj_trans_road_4wheel","Amputation of both upper limbs",3479.875
"inj_trans_road_pedal","Amputation of both upper limbs",260.932
"inj_mech_suffocate","Amputation of both upper limbs",2.709
"inj_trans_road_pedest","Amputation of both upper limbs",5109.279
"inj_drowning","Amputation of both upper limbs",39.956
"inj_animal_venom","Amputation of both upper limbs",28.875
"inj_foreign_other","Amputation of both upper limbs",2471.273
"inj_othunintent","Amputation of both upper limbs",2837.66
"inj_foreign_eye","Amputation of both upper limbs",9.338
"inj_mech_gun","Amputation of both upper limbs",148.771
"inj_foreign_aspiration","Amputation of both upper limbs",42.868
"inj_poisoning","Amputation of both upper limbs",63.441
"inj_animal_nonven","Amputation of both upper limbs",50.981
"inj_fires","Amputation of both upper limbs",180.698
"inj_homicide_gun","Amputation of both upper limbs",19.481
"inj_homicide_knife","Amputation of both upper limbs",443.961
"inj_homicide_other","Amputation of both upper limbs",69.447
"inj_falls","Amputation of both upper limbs",5386.36
"inj_trans_other","Amputation of both upper limbs",3626.14
"inj_foreign_other","Fracture of patella, tibia, fibula, or ankle",8996.926
"inj_othunintent","Fracture of patella, tibia, fibula, or ankle",2853498
"inj_homicide_knife","Fracture of patella, tibia, fibula, or ankle",10369.46
"inj_trans_road_pedal","Fracture of patella, tibia, fibula, or ankle",1925768
"inj_homicide_other","Fracture of patella, tibia, fibula, or ankle",83628.02
"inj_animal_nonven","Fracture of patella, tibia, fibula, or ankle",35978.43
"inj_trans_road_2wheel","Fracture of patella, tibia, fibula, or ankle",792186.4
"inj_mech_other","Fracture of patella, tibia, fibula, or ankle",569058.4
"inj_falls","Fracture of patella, tibia, fibula, or ankle",5617831
"inj_animal_venom","Fracture of patella, tibia, fibula, or ankle",7135.38
"inj_homicide_gun","Fracture of patella, tibia, fibula, or ankle",24677.01
"inj_mech_suffocate","Fracture of patella, tibia, fibula, or ankle",134670.8
"inj_suicide","Fracture of patella, tibia, fibula, or ankle",12680.69
"inj_trans_road_other","Fracture of patella, tibia, fibula, or ankle",164182.3
"inj_mech_gun","Fracture of patella, tibia, fibula, or ankle",71228.91
"inj_trans_road_pedest","Fracture of patella, tibia, fibula, or ankle",1787993
"inj_drowning","Fracture of patella, tibia, fibula, or ankle",31026.32
"inj_foreign_aspiration","Fracture of patella, tibia, fibula, or ankle",9749.705
"inj_foreign_eye","Fracture of patella, tibia, fibula, or ankle",961.94
"inj_trans_road_4wheel","Fracture of patella, tibia, fibula, or ankle",5971479
"inj_trans_other","Fracture of patella, tibia, fibula, or ankle",973796.6
"inj_fires","Fracture of patella, tibia, fibula, or ankle",92763.37
"inj_poisoning","Fracture of patella, tibia, fibula, or ankle",18225.04
"inj_foreign_aspiration","Fracture of pelvis",2529.198
"inj_trans_road_2wheel","Fracture of pelvis",127069.8
"inj_mech_gun","Fracture of pelvis",11959.12
"inj_homicide_knife","Fracture of pelvis",935.837
"inj_othunintent","Fracture of pelvis",481762.6
"inj_trans_road_4wheel","Fracture of pelvis",1091931
"inj_suicide","Fracture of pelvis",2404.472
"inj_fires","Fracture of pelvis",22337.45
"inj_homicide_gun","Fracture of pelvis",6294.127
"inj_drowning","Fracture of pelvis",9882.04
"inj_mech_other","Fracture of pelvis",80024.07
"inj_animal_nonven","Fracture of pelvis",3091.872
"inj_animal_venom","Fracture of pelvis",3689.119
"inj_mech_suffocate","Fracture of pelvis",6645.563
"inj_trans_other","Fracture of pelvis",257905.3
"inj_trans_road_pedest","Fracture of pelvis",850331.3
"inj_poisoning","Fracture of pelvis",3134.117
"inj_foreign_eye","Fracture of pelvis",422.408
"inj_falls","Fracture of pelvis",2494050
"inj_foreign_other","Fracture of pelvis",1102.836
"inj_trans_road_pedal","Fracture of pelvis",121879.3
"inj_homicide_other","Fracture of pelvis",11927.7
"inj_trans_road_other","Fracture of pelvis",29278.15
"inj_homicide_other","Fracture of radius or ulna",87985.95
"inj_trans_road_4wheel","Fracture of radius or ulna",1660234
"inj_animal_venom","Fracture of radius or ulna",15449.6
"inj_mech_gun","Fracture of radius or ulna",40881.77
"inj_foreign_aspiration","Fracture of radius or ulna",40911.25
"inj_mech_other","Fracture of radius or ulna",588861.1
"inj_trans_road_2wheel","Fracture of radius or ulna",660668.6
"inj_drowning","Fracture of radius or ulna",11929.72
"inj_homicide_gun","Fracture of radius or ulna",8817.767
"inj_homicide_knife","Fracture of radius or ulna",6027.119
"inj_othunintent","Fracture of radius or ulna",2150516
"inj_animal_nonven","Fracture of radius or ulna",26118.71
"inj_trans_road_other","Fracture of radius or ulna",186761.5
"inj_falls","Fracture of radius or ulna",6411416
"inj_trans_road_pedal","Fracture of radius or ulna",2076442
"inj_suicide","Fracture of radius or ulna",12481.13
"inj_trans_other","Fracture of radius or ulna",766159.8
"inj_fires","Fracture of radius or ulna",127810.8
"inj_trans_road_pedest","Fracture of radius or ulna",798391.3
"inj_foreign_eye","Fracture of radius or ulna",883.533
"inj_foreign_other","Fracture of radius or ulna",13654.33
"inj_mech_suffocate","Fracture of radius or ulna",60379.88
"inj_poisoning","Fracture of radius or ulna",15021.69
"inj_trans_road_pedal","Fracture of skull",155952
"inj_suicide","Fracture of skull",778.785
"inj_foreign_aspiration","Fracture of skull",848.932
"inj_homicide_other","Fracture of skull",53298.44
"inj_trans_road_2wheel","Fracture of skull",200079
"inj_othunintent","Fracture of skull",328409.3
"inj_animal_venom","Fracture of skull",1347.346
"inj_trans_road_4wheel","Fracture of skull",870539.6
"inj_trans_other","Fracture of skull",485792.8
"inj_falls","Fracture of skull",1249220
"inj_poisoning","Fracture of skull",1178.723
"inj_homicide_knife","Fracture of skull",6757.149
"inj_homicide_gun","Fracture of skull",8653.547
"inj_mech_suffocate","Fracture of skull",33112.95
"inj_trans_road_pedest","Fracture of skull",809757.9
"inj_trans_road_other","Fracture of skull",13940.45
"inj_animal_nonven","Fracture of skull",6649.013
"inj_drowning","Fracture of skull",303.394
"inj_foreign_other","Fracture of skull",7114.682
"inj_foreign_eye","Fracture of skull",3227.728
"inj_mech_gun","Fracture of skull",11220.93
"inj_fires","Fracture of skull",12180.48
"inj_mech_other","Fracture of skull",168403.7
"inj_homicide_other","Fracture of sternum or rib(s)",26711.83
"inj_poisoning","Fracture of sternum or rib(s)",502.117
"inj_drowning","Fracture of sternum or rib(s)",1013.495
"inj_trans_road_4wheel","Fracture of sternum or rib(s)",750605.1
"inj_trans_road_pedest","Fracture of sternum or rib(s)",61049.34
"inj_trans_other","Fracture of sternum or rib(s)",171213
"inj_trans_road_2wheel","Fracture of sternum or rib(s)",20853.42
"inj_homicide_gun","Fracture of sternum or rib(s)",92.148
"inj_mech_suffocate","Fracture of sternum or rib(s)",6057.401
"inj_foreign_eye","Fracture of sternum or rib(s)",104.195
"inj_mech_gun","Fracture of sternum or rib(s)",2921.408
"inj_animal_nonven","Fracture of sternum or rib(s)",3410.001
"inj_trans_road_other","Fracture of sternum or rib(s)",20028.51
"inj_animal_venom","Fracture of sternum or rib(s)",102.998
"inj_suicide","Fracture of sternum or rib(s)",351.148
"inj_mech_other","Fracture of sternum or rib(s)",139960.6
"inj_trans_road_pedal","Fracture of sternum or rib(s)",204895.8
"inj_fires","Fracture of sternum or rib(s)",2091.726
"inj_othunintent","Fracture of sternum or rib(s)",505892.5
"inj_homicide_knife","Fracture of sternum or rib(s)",411.971
"inj_falls","Fracture of sternum or rib(s)",1011252
"inj_foreign_aspiration","Fracture of sternum or rib(s)",2317.476
"inj_foreign_other","Fracture of sternum or rib(s)",199.269
"inj_trans_road_4wheel","Fracture of vertebral column",1455579
"inj_homicide_knife","Fracture of vertebral column",2046.03
"inj_trans_road_other","Fracture of vertebral column",47753.52
"inj_othunintent","Fracture of vertebral column",5222954
"inj_trans_road_pedest","Fracture of vertebral column",1256250
"inj_falls","Fracture of vertebral column",5834398
"inj_homicide_gun","Fracture of vertebral column",12066.91
"inj_animal_nonven","Fracture of vertebral column",6185.76
"inj_trans_road_2wheel","Fracture of vertebral column",96191.62
"inj_mech_suffocate","Fracture of vertebral column",64673.63
"inj_mech_gun","Fracture of vertebral column",23134.31
"inj_foreign_eye","Fracture of vertebral column",473.207
"inj_foreign_aspiration","Fracture of vertebral column",6598.039
"inj_suicide","Fracture of vertebral column",5381.173
"inj_animal_venom","Fracture of vertebral column",1024.898
"inj_fires","Fracture of vertebral column",47219.52
"inj_trans_other","Fracture of vertebral column",266355.5
"inj_trans_road_pedal","Fracture of vertebral column",1145278
"inj_poisoning","Fracture of vertebral column",1851.528
"inj_mech_other","Fracture of vertebral column",377449.2
"inj_foreign_other","Fracture of vertebral column",4866.526
"inj_drowning","Fracture of vertebral column",5340.951
"inj_homicide_other","Fracture of vertebral column",81352.74
"inj_foreign_eye","Fracture of femur, other than femoral neck",485.898
"inj_homicide_other","Fracture of femur, other than femoral neck",175888.4
"inj_homicide_knife","Fracture of femur, other than femoral neck",9774.38
"inj_foreign_aspiration","Fracture of femur, other than femoral neck",18007.74
"inj_othunintent","Fracture of femur, other than femoral neck",3948072
"inj_trans_other","Fracture of femur, other than femoral neck",324575.8
"inj_falls","Fracture of femur, other than femoral neck",7729799
"inj_animal_nonven","Fracture of femur, other than femoral neck",24533.21
"inj_fires","Fracture of femur, other than femoral neck",86671.48
"inj_mech_suffocate","Fracture of femur, other than femoral neck",46583.13
"inj_mech_other","Fracture of femur, other than femoral neck",875507.5
"inj_foreign_other","Fracture of femur, other than femoral neck",5409.621
"inj_trans_road_other","Fracture of femur, other than femoral neck",76592.73
"inj_trans_road_pedal","Fracture of femur, other than femoral neck",385041.4
"inj_trans_road_pedest","Fracture of femur, other than femoral neck",1809809
"inj_animal_venom","Fracture of femur, other than femoral neck",4252.038
"inj_drowning","Fracture of femur, other than femoral neck",14724.5
"inj_homicide_gun","Fracture of femur, other than femoral neck",19496.08
"inj_poisoning","Fracture of femur, other than femoral neck",4136.874
"inj_trans_road_2wheel","Fracture of femur, other than femoral neck",843199
"inj_suicide","Fracture of femur, other than femoral neck",4448.276
"inj_mech_gun","Fracture of femur, other than femoral neck",61813.57
"inj_trans_road_4wheel","Fracture of femur, other than femoral neck",2906381
"inj_mech_other","Minor traumatic brain injury",294846.6
"inj_trans_road_other","Minor traumatic brain injury",93607.64
"inj_trans_road_pedal","Minor traumatic brain injury",1028662
"inj_poisoning","Minor traumatic brain injury",3541.3
"inj_homicide_gun","Minor traumatic brain injury",15613.1
"inj_trans_road_4wheel","Minor traumatic brain injury",1466877
"inj_trans_other","Minor traumatic brain injury",196463.4
"inj_mech_gun","Minor traumatic brain injury",7923.748
"inj_foreign_eye","Minor traumatic brain injury",644.756
"inj_foreign_aspiration","Minor traumatic brain injury",2069.067
"inj_drowning","Minor traumatic brain injury",9326.407
"inj_homicide_knife","Minor traumatic brain injury",6082.51
"inj_othunintent","Minor traumatic brain injury",759683.4
"inj_homicide_other","Minor traumatic brain injury",173074.4
"inj_animal_nonven","Minor traumatic brain injury",7812.12
"inj_fires","Minor traumatic brain injury",25201.85
"inj_trans_road_2wheel","Minor traumatic brain injury",279144.1
"inj_mech_suffocate","Minor traumatic brain injury",23920.88
"inj_suicide","Minor traumatic brain injury",2348.661
"inj_falls","Minor traumatic brain injury",755584.9
"inj_animal_venom","Minor traumatic brain injury",1629.145
"inj_foreign_other","Minor traumatic brain injury",4237.198
"inj_trans_road_pedest","Minor traumatic brain injury",1298158
"inj_trans_road_4wheel","Moderate to severe traumatic brain injury",3449632
"inj_fires","Moderate to severe traumatic brain injury",70035.98
"inj_trans_road_other","Moderate to severe traumatic brain injury",190959.9
"inj_trans_road_pedest","Moderate to severe traumatic brain injury",2755344
"inj_homicide_gun","Moderate to severe traumatic brain injury",8854.986
"inj_trans_other","Moderate to severe traumatic brain injury",122664.4
"inj_foreign_other","Moderate to severe traumatic brain injury",3272.787
"inj_homicide_other","Moderate to severe traumatic brain injury",94618.58
"inj_mech_suffocate","Moderate to severe traumatic brain injury",21872.66
"inj_trans_road_pedal","Moderate to severe traumatic brain injury",1074537
"inj_othunintent","Moderate to severe traumatic brain injury",245093.4
"inj_foreign_eye","Moderate to severe traumatic brain injury",5830.566
"inj_mech_gun","Moderate to severe traumatic brain injury",13991.75
"inj_foreign_aspiration","Moderate to severe traumatic brain injury",4220.244
"inj_falls","Moderate to severe traumatic brain injury",2722105
"inj_poisoning","Moderate to severe traumatic brain injury",6762.49
"inj_animal_venom","Moderate to severe traumatic brain injury",3707.753
"inj_suicide","Moderate to severe traumatic brain injury",10040.58
"inj_animal_nonven","Moderate to severe traumatic brain injury",17492.38
"inj_homicide_knife","Moderate to severe traumatic brain injury",7257.593
"inj_drowning","Moderate to severe traumatic brain injury",17928.65
"inj_trans_road_2wheel","Moderate to severe traumatic brain injury",967838.9
"inj_mech_other","Moderate to severe traumatic brain injury",212504.1
"inj_mech_other","Amputation of finger (excluding thumb)",591711.6
"inj_foreign_other","Amputation of finger (excluding thumb)",8625.239
"inj_animal_venom","Amputation of finger (excluding thumb)",1605.163
"inj_trans_road_other","Amputation of finger (excluding thumb)",2299.283
"inj_suicide","Amputation of finger (excluding thumb)",3882.893
"inj_homicide_knife","Amputation of finger (excluding thumb)",5392.317
"inj_drowning","Amputation of finger (excluding thumb)",3356.339
"inj_foreign_eye","Amputation of finger (excluding thumb)",17.339
"inj_poisoning","Amputation of finger (excluding thumb)",440.727
"inj_trans_road_4wheel","Amputation of finger (excluding thumb)",54715.8
"inj_trans_road_pedest","Amputation of finger (excluding thumb)",51245.83
"inj_mech_gun","Amputation of finger (excluding thumb)",13172.14
"inj_mech_suffocate","Amputation of finger (excluding thumb)",15277.67
"inj_falls","Amputation of finger (excluding thumb)",41485.82
"inj_homicide_other","Amputation of finger (excluding thumb)",3812.144
"inj_trans_road_pedal","Amputation of finger (excluding thumb)",9943.472
"inj_trans_road_2wheel","Amputation of finger (excluding thumb)",13777.93
"inj_homicide_gun","Amputation of finger (excluding thumb)",1660.064
"inj_foreign_aspiration","Amputation of finger (excluding thumb)",2926.966
"inj_animal_nonven","Amputation of finger (excluding thumb)",5979.638
"inj_trans_other","Amputation of finger (excluding thumb)",27538.97
"inj_fires","Amputation of finger (excluding thumb)",16159.7
"inj_othunintent","Amputation of finger (excluding thumb)",261622.9
"inj_trans_road_other","Foreign body in ear",36.26
"inj_foreign_other","Foreign body in ear",6528183
"inj_homicide_other","Foreign body in ear",7743.273
"inj_animal_venom","Foreign body in ear",2059.071
"inj_foreign_eye","Foreign body in ear",7777.728
"inj_foreign_aspiration","Foreign body in ear",5523.623
"inj_poisoning","Foreign body in ear",1145.872
"inj_mech_gun","Foreign body in ear",946.4
"inj_drowning","Foreign body in ear",71.337
"inj_othunintent","Foreign body in ear",17556.88
"inj_falls","Foreign body in ear",3751.832
"inj_mech_suffocate","Foreign body in ear",10.031
"inj_homicide_knife","Foreign body in ear",477.785
"inj_trans_road_4wheel","Foreign body in ear",15801.01
"inj_trans_road_pedal","Foreign body in ear",36.26
"inj_suicide","Foreign body in ear",1606.696
"inj_trans_road_2wheel","Foreign body in ear",1470.168
"inj_mech_other","Foreign body in ear",3474.471
"inj_animal_nonven","Foreign body in ear",6156.066
"inj_trans_other","Foreign body in ear",25800.33
"inj_fires","Foreign body in ear",2265.41
"inj_trans_road_pedest","Foreign body in ear",6833.575
"inj_homicide_gun","Foreign body in ear",34.419
"inj_drowning","Foreign body in respiratory system",8925.371
"inj_othunintent","Foreign body in respiratory system",93085.16
"inj_trans_road_other","Foreign body in respiratory system",304.479
"inj_animal_nonven","Foreign body in respiratory system",1168.72
"inj_suicide","Foreign body in respiratory system",2303.322
"inj_poisoning","Foreign body in respiratory system",4047.379
"inj_mech_suffocate","Foreign body in respiratory system",140034.1
"inj_trans_road_pedal","Foreign body in respiratory system",1154.426
"inj_falls","Foreign body in respiratory system",35382.93
"inj_homicide_gun","Foreign body in respiratory system",398.608
"inj_foreign_eye","Foreign body in respiratory system",5239.073
"inj_foreign_aspiration","Foreign body in respiratory system",7904162
"inj_trans_road_2wheel","Foreign body in respiratory system",1479.296
"inj_homicide_knife","Foreign body in respiratory system",4717.09
"inj_homicide_other","Foreign body in respiratory system",51206.89
"inj_animal_venom","Foreign body in respiratory system",4146.695
"inj_mech_other","Foreign body in respiratory system",3445.834
"inj_trans_other","Foreign body in respiratory system",243183.2
"inj_foreign_other","Foreign body in respiratory system",239411.2
"inj_trans_road_pedest","Foreign body in respiratory system",40467.23
"inj_trans_road_4wheel","Foreign body in respiratory system",14004.53
"inj_fires","Foreign body in respiratory system",12613.24
"inj_mech_gun","Foreign body in respiratory system",593.67
"inj_trans_road_2wheel","Foreign body in gastrointestinal or urogenital system",2222.542
"inj_trans_road_pedest","Foreign body in gastrointestinal or urogenital system",22150.63
"inj_suicide","Foreign body in gastrointestinal or urogenital system",8573.999
"inj_mech_suffocate","Foreign body in gastrointestinal or urogenital system",5774.937
"inj_foreign_eye","Foreign body in gastrointestinal or urogenital system",105984.4
"inj_animal_venom","Foreign body in gastrointestinal or urogenital system",2646.973
"inj_homicide_knife","Foreign body in gastrointestinal or urogenital system",1779.589
"inj_foreign_other","Foreign body in gastrointestinal or urogenital system",2.12e+07
"inj_trans_road_pedal","Foreign body in gastrointestinal or urogenital system",2731.477
"inj_drowning","Foreign body in gastrointestinal or urogenital system",4834.165
"inj_trans_road_other","Foreign body in gastrointestinal or urogenital system",1649.725
"inj_homicide_other","Foreign body in gastrointestinal or urogenital system",6113.03
"inj_poisoning","Foreign body in gastrointestinal or urogenital system",8422.505
"inj_othunintent","Foreign body in gastrointestinal or urogenital system",39982.23
"inj_fires","Foreign body in gastrointestinal or urogenital system",11685.72
"inj_animal_nonven","Foreign body in gastrointestinal or urogenital system",1144.339
"inj_homicide_gun","Foreign body in gastrointestinal or urogenital system",231.714
"inj_mech_gun","Foreign body in gastrointestinal or urogenital system",212.408
"inj_trans_road_4wheel","Foreign body in gastrointestinal or urogenital system",7769.041
"inj_falls","Foreign body in gastrointestinal or urogenital system",20357.25
"inj_foreign_aspiration","Foreign body in gastrointestinal or urogenital system",1110468
"inj_mech_other","Foreign body in gastrointestinal or urogenital system",3311.56
"inj_trans_other","Foreign body in gastrointestinal or urogenital system",166690.8
"inj_trans_other","Spinal cord lesion at neck level",234.101
"inj_animal_venom","Spinal cord lesion at neck level",32.368
"inj_othunintent","Spinal cord lesion at neck level",1690.682
"inj_animal_nonven","Spinal cord lesion at neck level",58.044
"inj_suicide","Spinal cord lesion at neck level",269.08
"inj_falls","Spinal cord lesion at neck level",22139.84
"inj_homicide_gun","Spinal cord lesion at neck level",445.683
"inj_poisoning","Spinal cord lesion at neck level",1654.261
"inj_fires","Spinal cord lesion at neck level",425.11
"inj_homicide_other","Spinal cord lesion at neck level",857.7101
"inj_trans_road_pedal","Spinal cord lesion at neck level",4434.864
"inj_trans_road_4wheel","Spinal cord lesion at neck level",40084.77
"inj_mech_other","Spinal cord lesion at neck level",1348.417
"inj_drowning","Spinal cord lesion at neck level",383.222
"inj_homicide_knife","Spinal cord lesion at neck level",173.845
"inj_foreign_eye","Spinal cord lesion at neck level",27.888
"inj_trans_road_pedest","Spinal cord lesion at neck level",10670.78
"inj_foreign_other","Spinal cord lesion at neck level",36.694
"inj_trans_road_other","Spinal cord lesion at neck level",5808.187
"inj_mech_suffocate","Spinal cord lesion at neck level",680.652
"inj_foreign_aspiration","Spinal cord lesion at neck level",245.217
"inj_mech_gun","Spinal cord lesion at neck level",932.029
"inj_trans_road_2wheel","Spinal cord lesion at neck level",3913.224
"inj_poisoning","Spinal cord lesion below neck level",6533.1
"inj_trans_other","Spinal cord lesion below neck level",535.031
"inj_homicide_knife","Spinal cord lesion below neck level",2501.065
"inj_trans_road_pedest","Spinal cord lesion below neck level",101814.2
"inj_mech_other","Spinal cord lesion below neck level",279948.8
"inj_fires","Spinal cord lesion below neck level",239290.1
"inj_homicide_gun","Spinal cord lesion below neck level",419.755
"inj_foreign_other","Spinal cord lesion below neck level",169.057
"inj_animal_nonven","Spinal cord lesion below neck level",26844.75
"inj_animal_venom","Spinal cord lesion below neck level",37.128
"inj_mech_suffocate","Spinal cord lesion below neck level",3883.824
"inj_trans_road_pedal","Spinal cord lesion below neck level",42286.84
"inj_trans_road_other","Spinal cord lesion below neck level",16487.9
"inj_mech_gun","Spinal cord lesion below neck level",2426.739
"inj_foreign_eye","Spinal cord lesion below neck level",317.947
"inj_foreign_aspiration","Spinal cord lesion below neck level",48.993
"inj_trans_road_2wheel","Spinal cord lesion below neck level",39985.82
"inj_falls","Spinal cord lesion below neck level",467146.8
"inj_othunintent","Spinal cord lesion below neck level",35250.95
"inj_homicide_other","Spinal cord lesion below neck level",29766.36
"inj_trans_road_4wheel","Spinal cord lesion below neck level",271380.8
"inj_suicide","Spinal cord lesion below neck level",5182.919
"inj_drowning","Spinal cord lesion below neck level",1032.598
"inj_drowning","Non-fatal submersion",813266.3
"inj_mech_suffocate","Non-fatal submersion",2867.305
"inj_mech_gun","Non-fatal submersion",10.129
"inj_homicide_gun","Non-fatal submersion",7.406
"inj_animal_nonven","Non-fatal submersion",168.455
"inj_foreign_other","Non-fatal submersion",1183.343
"inj_mech_other","Non-fatal submersion",1959.146
"inj_poisoning","Non-fatal submersion",2295.755
"inj_othunintent","Non-fatal submersion",30010.6
"inj_trans_road_pedal","Non-fatal submersion",298.515
"inj_suicide","Non-fatal submersion",4859.666
"inj_trans_road_other","Non-fatal submersion",225.253
"inj_trans_road_4wheel","Non-fatal submersion",7171.507
"inj_animal_venom","Non-fatal submersion",268.513
"inj_homicide_knife","Non-fatal submersion",99.421
"inj_falls","Non-fatal submersion",3277.631
"inj_homicide_other","Non-fatal submersion",2601.424
"inj_trans_road_2wheel","Non-fatal submersion",950.7959
"inj_trans_other","Non-fatal submersion",9650.2
"inj_trans_road_pedest","Non-fatal submersion",3985.492
"inj_fires","Non-fatal submersion",19891.35
"inj_foreign_aspiration","Non-fatal submersion",4815.678
"inj_trans_road_pedal","Asphyxiation",401.632
"inj_foreign_aspiration","Asphyxiation",17936.84
"inj_homicide_other","Asphyxiation",1228.192
"inj_falls","Asphyxiation",2029.986
"inj_drowning","Asphyxiation",4040.358
"inj_homicide_knife","Asphyxiation",13.139
"inj_mech_gun","Asphyxiation",299.019
"inj_homicide_gun","Asphyxiation",.3416
"inj_mech_suffocate","Asphyxiation",175912.3
"inj_animal_nonven","Asphyxiation",65.17
"inj_othunintent","Asphyxiation",16415.09
"inj_trans_road_other","Asphyxiation",401.632
"inj_fires","Asphyxiation",7433.846
"inj_foreign_other","Asphyxiation",9698.325
"inj_suicide","Asphyxiation",4753.966
"inj_trans_road_pedest","Asphyxiation",809.368
"inj_poisoning","Asphyxiation",2664.06
"inj_mech_other","Asphyxiation",171.731
"inj_animal_venom","Asphyxiation",161
"inj_trans_road_2wheel","Asphyxiation",745.794
"inj_trans_road_4wheel","Asphyxiation",666.533
"inj_trans_other","Asphyxiation",3605.924
"inj_homicide_gun","Crush injury",187.838
"inj_trans_other","Crush injury",8258.942
"inj_mech_other","Crush injury",176692
"inj_trans_road_pedal","Crush injury",62311.13
"inj_trans_road_2wheel","Crush injury",37864.43
"inj_animal_nonven","Crush injury",1690.269
"inj_foreign_aspiration","Crush injury",403.452
"inj_trans_road_other","Crush injury",6362.104
"inj_trans_road_4wheel","Crush injury",159653.9
"inj_poisoning","Crush injury",433.377
"inj_homicide_other","Crush injury",1289.96
"inj_mech_gun","Crush injury",1036.42
"inj_homicide_knife","Crush injury",512.932
"inj_falls","Crush injury",96817.91
"inj_othunintent","Crush injury",42062.21
"inj_suicide","Crush injury",1252.454
"inj_foreign_eye","Crush injury",2533.86
"inj_foreign_other","Crush injury",5563.383
"inj_trans_road_pedest","Crush injury",138933.5
"inj_fires","Crush injury",9447.389
"inj_drowning","Crush injury",2344.356
"inj_mech_suffocate","Crush injury",2119.95
"inj_animal_venom","Crush injury",306.397
"inj_trans_road_other","Injured nerves",2033.101
"inj_trans_road_pedest","Injured nerves",59234.73
"inj_homicide_other","Injured nerves",13799.32
"inj_fires","Injured nerves",10513.41
"inj_animal_nonven","Injured nerves",2864.484
"inj_foreign_other","Injured nerves",15629.61
"inj_foreign_aspiration","Injured nerves",5049.135
"inj_trans_road_4wheel","Injured nerves",103918.8
"inj_falls","Injured nerves",78318.17
"inj_suicide","Injured nerves",3060.064
"inj_drowning","Injured nerves",4845.155
"inj_trans_road_2wheel","Injured nerves",18872.3
"inj_mech_suffocate","Injured nerves",405.608
"inj_trans_road_pedal","Injured nerves",14293.64
"inj_homicide_knife","Injured nerves",4930.947
"inj_animal_venom","Injured nerves",1081.346
"inj_mech_gun","Injured nerves",17621.25
"inj_trans_other","Injured nerves",108732
"inj_poisoning","Injured nerves",1214.815
"inj_homicide_gun","Injured nerves",5763.064
"inj_mech_other","Injured nerves",54455.69
"inj_foreign_eye","Injured nerves",3008.166
"inj_othunintent","Injured nerves",388496.8
"inj_trans_road_other","Injury to eyes (including foreign body eye)",4625.81
"inj_animal_venom","Injury to eyes (including foreign body eye)",27114.95
"inj_mech_other","Injury to eyes (including foreign body eye)",7405790
"inj_trans_road_2wheel","Injury to eyes (including foreign body eye)",101413.3
"inj_mech_suffocate","Injury to eyes (including foreign body eye)",168902.4
"inj_fires","Injury to eyes (including foreign body eye)",3929555
"inj_mech_gun","Injury to eyes (including foreign body eye)",681001.9
"inj_homicide_knife","Injury to eyes (including foreign body eye)",40953.64
"inj_suicide","Injury to eyes (including foreign body eye)",3428.607
"inj_animal_nonven","Injury to eyes (including foreign body eye)",72455.53
"inj_othunintent","Injury to eyes (including foreign body eye)",1.04e+07
"inj_poisoning","Injury to eyes (including foreign body eye)",5220.32
"inj_foreign_other","Injury to eyes (including foreign body eye)",112692.3
"inj_foreign_aspiration","Injury to eyes (including foreign body eye)",11400
"inj_falls","Injury to eyes (including foreign body eye)",1771905
"inj_trans_road_pedal","Injury to eyes (including foreign body eye)",202726
"inj_drowning","Injury to eyes (including foreign body eye)",4685.576
"inj_trans_other","Injury to eyes (including foreign body eye)",221611.5
"inj_trans_road_pedest","Injury to eyes (including foreign body eye)",225571.1
"inj_trans_road_4wheel","Injury to eyes (including foreign body eye)",1157053
"inj_homicide_gun","Injury to eyes (including foreign body eye)",14058.05
"inj_homicide_other","Injury to eyes (including foreign body eye)",435057.5
"inj_foreign_eye","Injury to eyes (including foreign body eye)",3648689
"inj_homicide_knife","Amputation of one lower limb",650.188
"inj_poisoning","Amputation of one lower limb",542.507
"inj_trans_road_2wheel","Amputation of one lower limb",21954.29
"inj_homicide_gun","Amputation of one lower limb",107.471
"inj_animal_nonven","Amputation of one lower limb",573.517
"inj_foreign_aspiration","Amputation of one lower limb",1867.607
"inj_trans_road_pedal","Amputation of one lower limb",7345.107
"inj_animal_venom","Amputation of one lower limb",542.64
"inj_drowning","Amputation of one lower limb",7089.754
"inj_foreign_other","Amputation of one lower limb",1097.845
"inj_othunintent","Amputation of one lower limb",17109.4
"inj_trans_road_pedest","Amputation of one lower limb",92961.4
"inj_mech_suffocate","Amputation of one lower limb",324.562
"inj_trans_other","Amputation of one lower limb",21613.61
"inj_trans_road_4wheel","Amputation of one lower limb",16306.51
"inj_mech_gun","Amputation of one lower limb",319.487
"inj_trans_road_other","Amputation of one lower limb",1640.793
"inj_falls","Amputation of one lower limb",59046.28
"inj_fires","Amputation of one lower limb",7700.84
"inj_suicide","Amputation of one lower limb",3818.528
"inj_homicide_other","Amputation of one lower limb",2614.773
"inj_mech_other","Amputation of one lower limb",11582.21
"inj_foreign_eye","Amputation of one lower limb",27.272
"inj_trans_other","Open wound",1574841
"inj_homicide_gun","Open wound",474312.3
"inj_trans_road_2wheel","Open wound",8377110
"inj_mech_gun","Open wound",964212.2
"inj_suicide","Open wound",141270.2
"inj_trans_road_pedest","Open wound",1.04e+07
"inj_poisoning","Open wound",31251.82
"inj_foreign_aspiration","Open wound",18513.19
"inj_falls","Open wound",3.34e+07
"inj_mech_other","Open wound",3.10e+07
"inj_mech_suffocate","Open wound",1404320
"inj_trans_road_pedal","Open wound",1.27e+07
"inj_animal_nonven","Open wound",2.82e+07
"inj_homicide_other","Open wound",3898248
"inj_fires","Open wound",1697145
"inj_foreign_eye","Open wound",31741.76
"inj_trans_road_other","Open wound",251659.5
"inj_othunintent","Open wound",3.28e+07
"inj_animal_venom","Open wound",571504.7
"inj_trans_road_4wheel","Open wound",3.46e+07
"inj_drowning","Open wound",33901.43
"inj_foreign_other","Open wound",1.08e+07
"inj_homicide_knife","Open wound",1303562
"inj_mech_other","Poisoning",70193.9
"inj_trans_road_pedal","Poisoning",30195.55
"inj_suicide","Poisoning",1735551
"inj_animal_venom","Poisoning",2177556
"inj_mech_gun","Poisoning",34677.3
"inj_homicide_other","Poisoning",453362.3
"inj_trans_other","Poisoning",383091.1
"inj_falls","Poisoning",328113.2
"inj_animal_nonven","Poisoning",128299.2
"inj_foreign_other","Poisoning",856353.3
"inj_trans_road_other","Poisoning",5595.1
"inj_trans_road_pedest","Poisoning",252596.2
"inj_poisoning","Poisoning",9899722
"inj_trans_road_4wheel","Poisoning",116926.6
"inj_fires","Poisoning",1295946
"inj_othunintent","Poisoning",8995966
"inj_homicide_gun","Poisoning",70336.84
"inj_trans_road_2wheel","Poisoning",28310.08
"inj_drowning","Poisoning",34526.55
"inj_homicide_knife","Poisoning",12220.8
"inj_foreign_eye","Poisoning",3984.729
"inj_mech_suffocate","Poisoning",56245.45
"inj_foreign_aspiration","Poisoning",98122.43
"inj_mech_suffocate","Severe chest Injury",13589.48
"inj_animal_venom","Severe chest Injury",3717.462
"inj_mech_gun","Severe chest Injury",12710.64
"inj_foreign_aspiration","Severe chest Injury",15286.07
"inj_trans_road_pedal","Severe chest Injury",59776.8
"inj_trans_road_4wheel","Severe chest Injury",404401.5
"inj_trans_road_other","Severe chest Injury",14140.08
"inj_homicide_knife","Severe chest Injury",16371.25
"inj_trans_road_2wheel","Severe chest Injury",50583.36
"inj_poisoning","Severe chest Injury",1703.128
"inj_foreign_other","Severe chest Injury",14971.16
"inj_trans_other","Severe chest Injury",66823.37
"inj_drowning","Severe chest Injury",2349.221
"inj_falls","Severe chest Injury",169991.8
"inj_foreign_eye","Severe chest Injury",132.979
"inj_homicide_other","Severe chest Injury",9506.979
"inj_homicide_gun","Severe chest Injury",10791.78
"inj_trans_road_pedest","Severe chest Injury",168101.1
"inj_mech_other","Severe chest Injury",54360.47
"inj_fires","Severe chest Injury",41258.55
"inj_animal_nonven","Severe chest Injury",7165.921
"inj_othunintent","Severe chest Injury",209551.9
"inj_suicide","Severe chest Injury",4796.421
"inj_trans_road_4wheel","Internal hemorrhage in abdomen or pelvis",490276.2
"inj_animal_nonven","Internal hemorrhage in abdomen or pelvis",52113
"inj_foreign_eye","Internal hemorrhage in abdomen or pelvis",34156.73
"inj_mech_other","Internal hemorrhage in abdomen or pelvis",740581.8
"inj_mech_suffocate","Internal hemorrhage in abdomen or pelvis",23197.41
"inj_suicide","Internal hemorrhage in abdomen or pelvis",10506.04
"inj_foreign_other","Internal hemorrhage in abdomen or pelvis",301937.8
"inj_trans_road_pedest","Internal hemorrhage in abdomen or pelvis",794595.3
"inj_foreign_aspiration","Internal hemorrhage in abdomen or pelvis",11214.12
"inj_poisoning","Internal hemorrhage in abdomen or pelvis",25481.12
"inj_fires","Internal hemorrhage in abdomen or pelvis",2175985
"inj_othunintent","Internal hemorrhage in abdomen or pelvis",1949629
"inj_homicide_knife","Internal hemorrhage in abdomen or pelvis",25841.4
"inj_homicide_other","Internal hemorrhage in abdomen or pelvis",31257.14
"inj_drowning","Internal hemorrhage in abdomen or pelvis",8859.158
"inj_falls","Internal hemorrhage in abdomen or pelvis",420631.3
"inj_trans_other","Internal hemorrhage in abdomen or pelvis",104482.1
"inj_mech_gun","Internal hemorrhage in abdomen or pelvis",62946.7
"inj_trans_road_pedal","Internal hemorrhage in abdomen or pelvis",63399.34
"inj_animal_venom","Internal hemorrhage in abdomen or pelvis",66606.22
"inj_trans_road_other","Internal hemorrhage in abdomen or pelvis",18589.13
"inj_trans_road_2wheel","Internal hemorrhage in abdomen or pelvis",130951.2
"inj_homicide_gun","Internal hemorrhage in abdomen or pelvis",13455.59
"inj_homicide_other","Contusion",971217.9
"inj_mech_gun","Contusion",274553.9
"inj_animal_nonven","Contusion",178405.4
"inj_foreign_aspiration","Contusion",1775.816
"inj_drowning","Contusion",18107.42
"inj_trans_road_pedal","Contusion",2657335
"inj_trans_road_other","Contusion",208251.5
"inj_suicide","Contusion",18342.96
"inj_foreign_eye","Contusion",4642.001
"inj_mech_suffocate","Contusion",390772.8
"inj_falls","Contusion",1.25e+07
"inj_homicide_gun","Contusion",164764.3
"inj_mech_other","Contusion",2.14e+07
"inj_trans_road_4wheel","Contusion",1.49e+07
"inj_trans_other","Contusion",2046155
"inj_animal_venom","Contusion",195237.2
"inj_othunintent","Contusion",1.25e+07
"inj_foreign_other","Contusion",401342.3
"inj_trans_road_pedest","Contusion",4017205
"inj_homicide_knife","Contusion",94523.95
"inj_fires","Contusion",384200.8
"inj_trans_road_2wheel","Contusion",635585.6
"inj_poisoning","Contusion",12990.52
"inj_trans_road_other","Environmental factors (e.g. temperature, pressure, electricity)",226.338
"inj_mech_suffocate","Environmental factors (e.g. temperature, pressure, electricity)",9745.945
"inj_homicide_gun","Environmental factors (e.g. temperature, pressure, electricity)",1490.419
"inj_trans_road_pedal","Environmental factors (e.g. temperature, pressure, electricity)",842.751
"inj_foreign_aspiration","Environmental factors (e.g. temperature, pressure, electricity)",2529.891
"inj_foreign_eye","Environmental factors (e.g. temperature, pressure, electricity)",4176.375
"inj_trans_road_2wheel","Environmental factors (e.g. temperature, pressure, electricity)",4820.27
"inj_falls","Environmental factors (e.g. temperature, pressure, electricity)",27100.64
"inj_trans_road_4wheel","Environmental factors (e.g. temperature, pressure, electricity)",15052.34
"inj_suicide","Environmental factors (e.g. temperature, pressure, electricity)",1666.049
"inj_mech_gun","Environmental factors (e.g. temperature, pressure, electricity)",75947.2
"inj_homicide_other","Environmental factors (e.g. temperature, pressure, electricity)",3009.265
"inj_poisoning","Environmental factors (e.g. temperature, pressure, electricity)",6791.372
"inj_homicide_knife","Environmental factors (e.g. temperature, pressure, electricity)",325.451
"inj_animal_venom","Environmental factors (e.g. temperature, pressure, electricity)",1797.194
"inj_fires","Environmental factors (e.g. temperature, pressure, electricity)",3267389
"inj_animal_nonven","Environmental factors (e.g. temperature, pressure, electricity)",783.51
"inj_othunintent","Environmental factors (e.g. temperature, pressure, electricity)",3440964
"inj_drowning","Environmental factors (e.g. temperature, pressure, electricity)",8882.51
"inj_trans_road_pedest","Environmental factors (e.g. temperature, pressure, electricity)",12583.6
"inj_trans_other","Environmental factors (e.g. temperature, pressure, electricity)",24078.11
"inj_foreign_other","Environmental factors (e.g. temperature, pressure, electricity)",4288.452
"inj_mech_other","Environmental factors (e.g. temperature, pressure, electricity)",8886.703
"inj_medical","Complications of medical treatment",3.96e+07
"inj_mech_other","Complications of medical treatment",73288.74
"inj_trans_road_2wheel","Complications of medical treatment",36255.93
"inj_homicide_other","Complications of medical treatment",25389.2
"inj_foreign_eye","Complications of medical treatment",134177.9
"inj_mech_gun","Complications of medical treatment",7823.298
"inj_mech_suffocate","Complications of medical treatment",1022.357
"inj_fires","Complications of medical treatment",170142.3
"inj_othunintent","Complications of medical treatment",1842772
"inj_trans_other","Complications of medical treatment",167756.5
"inj_trans_road_4wheel","Complications of medical treatment",119872.1
"inj_falls","Complications of medical treatment",865685.8
"inj_drowning","Complications of medical treatment",16724.85
"inj_foreign_other","Complications of medical treatment",73446.73
"inj_animal_nonven","Complications of medical treatment",8308.279
"inj_foreign_aspiration","Complications of medical treatment",43523.34
"inj_homicide_gun","Complications of medical treatment",1630.482
"inj_poisoning","Complications of medical treatment",19056.34
"inj_trans_road_pedal","Complications of medical treatment",26046.09
"inj_trans_road_other","Complications of medical treatment",16044.5
"inj_trans_road_pedest","Complications of medical treatment",507385.8
"inj_suicide","Complications of medical treatment",25494.1
"inj_animal_venom","Complications of medical treatment",15287.31
"inj_homicide_knife","Complications of medical treatment",6775.594
"inj_trans_road_4wheel","Superficial injury",2.71e+07
"inj_suicide","Superficial injury",21961.09
"inj_mech_suffocate","Superficial injury",1254061
"inj_trans_road_other","Superficial injury",313562.1
"inj_animal_nonven","Superficial injury",6796442
"inj_foreign_eye","Superficial injury",5123.433
"inj_trans_road_pedal","Superficial injury",1791017
"inj_fires","Superficial injury",915539.8
"inj_animal_venom","Superficial injury",934479.7
"inj_homicide_knife","Superficial injury",217817.5
"inj_foreign_aspiration","Superficial injury",6369.433
"inj_poisoning","Superficial injury",11551.72
"inj_falls","Superficial injury",1.77e+07
"inj_homicide_other","Superficial injury",1470805
"inj_trans_other","Superficial injury",534172.9
"inj_drowning","Superficial injury",12778.52
"inj_othunintent","Superficial injury",1.96e+07
"inj_foreign_other","Superficial injury",171234.1
"inj_mech_other","Superficial injury",2.14e+07
"inj_mech_gun","Superficial injury",519590.8
"inj_trans_road_pedest","Superficial injury",3877897
"inj_homicide_gun","Superficial injury",172360.3
"inj_trans_road_2wheel","Superficial injury",1796238
"inj_trans_road_2wheel","Multiple significant injuries",2220029
"inj_animal_nonven","Multiple significant injuries",76369.72
"inj_suicide","Multiple significant injuries",19722.23
"inj_foreign_other","Multiple significant injuries",37212.49
"inj_trans_other","Multiple significant injuries",57275.61
"inj_homicide_knife","Multiple significant injuries",195064.6
"inj_drowning","Multiple significant injuries",17758.56
"inj_trans_road_pedal","Multiple significant injuries",3232032
"inj_foreign_aspiration","Multiple significant injuries",5680.024
"inj_animal_venom","Multiple significant injuries",171184
"inj_homicide_other","Multiple significant injuries",1588213
"inj_mech_gun","Multiple significant injuries",195441.2
"inj_trans_road_other","Multiple significant injuries",339851.9
"inj_trans_road_4wheel","Multiple significant injuries",3.01e+07
"inj_mech_other","Multiple significant injuries",1206944
"inj_fires","Multiple significant injuries",5339854
"inj_homicide_gun","Multiple significant injuries",201176.6
"inj_poisoning","Multiple significant injuries",6165.103
"inj_trans_road_pedest","Multiple significant injuries",9657670
"inj_mech_suffocate","Multiple significant injuries",90324.43
"inj_othunintent","Multiple significant injuries",4771106
"inj_foreign_eye","Multiple significant injuries",2976.092
"inj_falls","Multiple significant injuries",8454453
"inj_foreign_aspiration","Amputation of one upper limb",25.41
"inj_trans_road_pedal","Amputation of one upper limb",297.108
"inj_trans_road_4wheel","Amputation of one upper limb",9382.729
"inj_mech_other","Amputation of one upper limb",3699.619
"inj_foreign_other","Amputation of one upper limb",686.924
"inj_fires","Amputation of one upper limb",347.487
"inj_trans_road_2wheel","Amputation of one upper limb",1263.262
"inj_homicide_other","Amputation of one upper limb",153.272
"inj_animal_venom","Amputation of one upper limb",27.468
"inj_homicide_gun","Amputation of one upper limb",79.695
"inj_mech_gun","Amputation of one upper limb",145.789
"inj_trans_road_pedest","Amputation of one upper limb",5753.279
"inj_othunintent","Amputation of one upper limb",2128.063
"inj_drowning","Amputation of one upper limb",120.841
"inj_suicide","Amputation of one upper limb",1016.652
"inj_trans_other","Amputation of one upper limb",8271.34
"inj_falls","Amputation of one upper limb",4480.42
"inj_trans_road_other","Amputation of one upper limb",163.142
"inj_poisoning","Amputation of one upper limb",147.742
"inj_animal_nonven","Amputation of one upper limb",478.821
"inj_homicide_knife","Amputation of one upper limb",544.474
"inj_foreign_other","Amputation of thumb",21934.88
"inj_trans_road_pedal","Amputation of thumb",2476.642
"inj_fires","Amputation of thumb",4161.773
"inj_animal_nonven","Amputation of thumb",2523.682
"inj_homicide_knife","Amputation of thumb",3347.253
"inj_trans_road_pedest","Amputation of thumb",3031.546
"inj_mech_other","Amputation of thumb",402868.3
"inj_suicide","Amputation of thumb",930.636
"inj_animal_venom","Amputation of thumb",91.427
"inj_falls","Amputation of thumb",9718.724
"inj_trans_road_2wheel","Amputation of thumb",5339.593
"inj_trans_road_4wheel","Amputation of thumb",13731.94
"inj_homicide_other","Amputation of thumb",895.538
"inj_mech_suffocate","Amputation of thumb",23920.65
"inj_poisoning","Amputation of thumb",1290.821
"inj_homicide_gun","Amputation of thumb",31.528
"inj_trans_road_other","Amputation of thumb",3143.469
"inj_foreign_aspiration","Amputation of thumb",111.286
"inj_drowning","Amputation of thumb",97.874
"inj_othunintent","Amputation of thumb",148667.1
"inj_trans_other","Amputation of thumb",5674.606
"inj_mech_gun","Amputation of thumb",3942.54
"inj_trans_road_2wheel","Amputation of toe",9604.714
"inj_trans_road_pedal","Amputation of toe",12711.09
"inj_fires","Amputation of toe",455.875
"inj_othunintent","Amputation of toe",3255.168
"inj_drowning","Amputation of toe",77.693
"inj_animal_nonven","Amputation of toe",1325.513
"inj_suicide","Amputation of toe",255.297
"inj_homicide_other","Amputation of toe",317.548
"inj_homicide_gun","Amputation of toe",45.157
"inj_mech_other","Amputation of toe",14399.04
"inj_foreign_aspiration","Amputation of toe",164.339
"inj_trans_road_other","Amputation of toe",250.726
"inj_animal_venom","Amputation of toe",238.826
"inj_falls","Amputation of toe",8847.762
"inj_trans_road_pedest","Amputation of toe",10520.44
"inj_trans_road_4wheel","Amputation of toe",3982.993
"inj_trans_other","Amputation of toe",8165.71
"inj_mech_gun","Amputation of toe",4524.996
"inj_foreign_other","Amputation of toe",1440.446
"inj_poisoning","Amputation of toe",50.323
"inj_homicide_knife","Amputation of toe",324.625
"inj_trans_road_pedest","Burns with <20% total burned surface area",150178.4
"inj_homicide_gun","Burns with <20% total burned surface area",2185.204
"inj_homicide_other","Burns with <20% total burned surface area",73039.75
"inj_foreign_other","Burns with <20% total burned surface area",9880.569
"inj_homicide_knife","Burns with <20% total burned surface area",3090.584
"inj_trans_other","Burns with <20% total burned surface area",271810
"inj_animal_venom","Burns with <20% total burned surface area",9911.867
"inj_mech_suffocate","Burns with <20% total burned surface area",1048.74
"inj_animal_nonven","Burns with <20% total burned surface area",5335.729
"inj_foreign_aspiration","Burns with <20% total burned surface area",2981.58
"inj_trans_road_2wheel","Burns with <20% total burned surface area",164350.9
"inj_trans_road_pedal","Burns with <20% total burned surface area",23134.78
"inj_mech_other","Burns with <20% total burned surface area",136883.4
"inj_suicide","Burns with <20% total burned surface area",16973.62
"inj_poisoning","Burns with <20% total burned surface area",54908.86
"inj_trans_road_4wheel","Burns with <20% total burned surface area",174830.9
"inj_fires","Burns with <20% total burned surface area",2589052
"inj_drowning","Burns with <20% total burned surface area",10536.02
"inj_falls","Burns with <20% total burned surface area",180386.6
"inj_trans_road_other","Burns with <20% total burned surface area",3173.982
"inj_mech_gun","Burns with <20% total burned surface area",23806.35
"inj_foreign_eye","Burns with <20% total burned surface area",1451.24
"inj_othunintent","Burns with <20% total burned surface area",891771.3
"inj_falls","Burns with >=20% total burned surface area or >=10% if burns include face and/or hands",16526.5
"inj_homicide_other","Burns with >=20% total burned surface area or >=10% if burns include face and/or hands",5900.566
"inj_mech_gun","Burns with >=20% total burned surface area or >=10% if burns include face and/or hands",944.4119
"inj_mech_other","Burns with >=20% total burned surface area or >=10% if burns include face and/or hands",15909.12
"inj_homicide_knife","Burns with >=20% total burned surface area or >=10% if burns include face and/or hands",313.915
"inj_foreign_aspiration","Burns with >=20% total burned surface area or >=10% if burns include face and/or hands",1348.732
"inj_trans_road_pedest","Burns with >=20% total burned surface area or >=10% if burns include face and/or hands",49378.7
"inj_othunintent","Burns with >=20% total burned surface area or >=10% if burns include face and/or hands",36698.23
"inj_trans_other","Burns with >=20% total burned surface area or >=10% if burns include face and/or hands",1441.993
"inj_fires","Burns with >=20% total burned surface area or >=10% if burns include face and/or hands",831374.6
"inj_drowning","Burns with >=20% total burned surface area or >=10% if burns include face and/or hands",1804.677
"inj_foreign_other","Burns with >=20% total burned surface area or >=10% if burns include face and/or hands",464.709
"inj_trans_road_pedal","Burns with >=20% total burned surface area or >=10% if burns include face and/or hands",27605.14
"inj_foreign_eye","Burns with >=20% total burned surface area or >=10% if burns include face and/or hands",184.856
"inj_poisoning","Burns with >=20% total burned surface area or >=10% if burns include face and/or hands",1921.626
"inj_homicide_gun","Burns with >=20% total burned surface area or >=10% if burns include face and/or hands",60.704
"inj_trans_road_other","Burns with >=20% total burned surface area or >=10% if burns include face and/or hands",1224.839
"inj_suicide","Burns with >=20% total burned surface area or >=10% if burns include face and/or hands",7484.463
"inj_animal_nonven","Burns with >=20% total burned surface area or >=10% if burns include face and/or hands",1439.753
"inj_trans_road_4wheel","Burns with >=20% total burned surface area or >=10% if burns include face and/or hands",5328.176
"inj_animal_venom","Burns with >=20% total burned surface area or >=10% if burns include face and/or hands",3883.733
"inj_trans_road_2wheel","Burns with >=20% total burned surface area or >=10% if burns include face and/or hands",15592.16
